
*** Running vivado
    with args -log base_wrapper.vdi -applog -m64 -product Vivado -messageDb vivado.pb -mode batch -source base_wrapper.tcl -notrace



****** Vivado v2020.2 (64-bit)
  **** SW Build 3064766 on Wed Nov 18 09:12:45 MST 2020
  **** IP Build 3064653 on Wed Nov 18 14:17:31 MST 2020
    ** Copyright 1986-2020 Xilinx, Inc. All Rights Reserved.

source base_wrapper.tcl -notrace
INFO: [IP_Flow 19-234] Refreshing IP repositories
INFO: [IP_Flow 19-1700] Loaded user IP repository 'c:/Xilinx/labs'.
INFO: [IP_Flow 19-1700] Loaded user IP repository 'c:/Xilinx/PYNQ'.
WARNING: [IP_Flow 19-3656] If you move the project, the path for repository 'c:/Xilinx/PYNQ' may become invalid. A better location for the repository would be in a path adjacent to the project. (Current project location is 'c:/Xilinx/PYNQ/boards/Pynq-Z1/base/InfoProc-Lab-3/myproj/project_1.runs/impl_1'.)
INFO: [IP_Flow 19-2313] Loaded Vivado IP repository 'C:/Xilinx/Vivado/2020.2/data/ip'.
Command: link_design -top base_wrapper -part xc7z020clg400-1
Design is defaulting to srcset: sources_1
Design is defaulting to constrset: constrs_1
INFO: [Device 21-403] Loading part xc7z020clg400-1
INFO: [Project 1-454] Reading design checkpoint 'c:/Xilinx/PYNQ/boards/Pynq-Z1/base/InfoProc-Lab-3/myproj/project_1.gen/sources_1/bd/base/ip/base_audio_direct_0_3/base_audio_direct_0_3.dcp' for cell 'base_i/audio_direct_0'
INFO: [Project 1-454] Reading design checkpoint 'c:/Xilinx/PYNQ/boards/Pynq-Z1/base/InfoProc-Lab-3/myproj/project_1.gen/sources_1/bd/base/ip/base_axi_gpio_0_2/base_axi_gpio_0_2.dcp' for cell 'base_i/axi_gpio_0'
INFO: [Project 1-454] Reading design checkpoint 'c:/Xilinx/PYNQ/boards/Pynq-Z1/base/InfoProc-Lab-3/myproj/project_1.gen/sources_1/bd/base/ip/base_ila_0_1/base_ila_0_1.dcp' for cell 'base_i/ila_0'
INFO: [Project 1-454] Reading design checkpoint 'c:/Xilinx/PYNQ/boards/Pynq-Z1/base/InfoProc-Lab-3/myproj/project_1.gen/sources_1/bd/base/ip/base_pdm_microphone_0_2/base_pdm_microphone_0_2.dcp' for cell 'base_i/pdm_microphone_0'
INFO: [Project 1-454] Reading design checkpoint 'c:/Xilinx/PYNQ/boards/Pynq-Z1/base/InfoProc-Lab-3/myproj/project_1.gen/sources_1/bd/base/ip/base_ps7_0_0/base_ps7_0_0.dcp' for cell 'base_i/ps7_0'
INFO: [Project 1-454] Reading design checkpoint 'c:/Xilinx/PYNQ/boards/Pynq-Z1/base/InfoProc-Lab-3/myproj/project_1.gen/sources_1/bd/base/ip/base_rst_ps7_0_100M_0/base_rst_ps7_0_100M_0.dcp' for cell 'base_i/rst_ps7_0_100M'
INFO: [Project 1-454] Reading design checkpoint 'c:/Xilinx/PYNQ/boards/Pynq-Z1/base/InfoProc-Lab-3/myproj/project_1.gen/sources_1/bd/base/ip/base_rst_ps7_0_100M_1_0/base_rst_ps7_0_100M_1_0.dcp' for cell 'base_i/rst_ps7_0_100M_1'
INFO: [Project 1-454] Reading design checkpoint 'c:/Xilinx/PYNQ/boards/Pynq-Z1/base/InfoProc-Lab-3/myproj/project_1.gen/sources_1/bd/base/ip/base_s00_mmu_0/base_s00_mmu_0.dcp' for cell 'base_i/ps7_0_axi_periph/s00_mmu'
INFO: [Project 1-454] Reading design checkpoint 'c:/Xilinx/PYNQ/boards/Pynq-Z1/base/InfoProc-Lab-3/myproj/project_1.gen/sources_1/bd/base/ip/base_s01_mmu_0/base_s01_mmu_0.dcp' for cell 'base_i/ps7_0_axi_periph/s01_mmu'
INFO: [Project 1-454] Reading design checkpoint 'c:/Xilinx/PYNQ/boards/Pynq-Z1/base/InfoProc-Lab-3/myproj/project_1.gen/sources_1/bd/base/ip/base_xbar_0/base_xbar_0.dcp' for cell 'base_i/ps7_0_axi_periph/xbar'
INFO: [Project 1-454] Reading design checkpoint 'c:/Xilinx/PYNQ/boards/Pynq-Z1/base/InfoProc-Lab-3/myproj/project_1.gen/sources_1/bd/base/ip/base_auto_pc_0/base_auto_pc_0.dcp' for cell 'base_i/ps7_0_axi_periph/s00_couplers/auto_pc'
INFO: [Project 1-454] Reading design checkpoint 'c:/Xilinx/PYNQ/boards/Pynq-Z1/base/InfoProc-Lab-3/myproj/project_1.gen/sources_1/bd/base/ip/base_auto_cc_0/base_auto_cc_0.dcp' for cell 'base_i/ps7_0_axi_periph/s01_couplers/auto_cc'
INFO: [Project 1-454] Reading design checkpoint 'c:/Xilinx/PYNQ/boards/Pynq-Z1/base/InfoProc-Lab-3/myproj/project_1.gen/sources_1/bd/base/ip/base_auto_pc_1/base_auto_pc_1.dcp' for cell 'base_i/ps7_0_axi_periph/s01_couplers/auto_pc'
Netlist sorting complete. Time (s): cpu = 00:00:00 ; elapsed = 00:00:00.158 . Memory (MB): peak = 1109.031 ; gain = 0.000
INFO: [Netlist 29-17] Analyzing 676 Unisim elements for replacement
INFO: [Netlist 29-28] Unisim Transformation completed in 0 CPU seconds
INFO: [Project 1-479] Netlist was created with Vivado 2020.2
INFO: [Project 1-570] Preparing netlist for logic optimization
INFO: [Chipscope 16-324] Core: base_i/ila_0 UUID: f20042e8-5874-5477-9020-7606c67ed7e6 
Parsing XDC File [c:/Xilinx/PYNQ/boards/Pynq-Z1/base/InfoProc-Lab-3/myproj/project_1.gen/sources_1/bd/base/ip/base_ps7_0_0/base_ps7_0_0.xdc] for cell 'base_i/ps7_0/inst'
Finished Parsing XDC File [c:/Xilinx/PYNQ/boards/Pynq-Z1/base/InfoProc-Lab-3/myproj/project_1.gen/sources_1/bd/base/ip/base_ps7_0_0/base_ps7_0_0.xdc] for cell 'base_i/ps7_0/inst'
Parsing XDC File [c:/Xilinx/PYNQ/boards/Pynq-Z1/base/InfoProc-Lab-3/myproj/project_1.gen/sources_1/bd/base/ip/base_rst_ps7_0_100M_0/base_rst_ps7_0_100M_0_board.xdc] for cell 'base_i/rst_ps7_0_100M/U0'
Finished Parsing XDC File [c:/Xilinx/PYNQ/boards/Pynq-Z1/base/InfoProc-Lab-3/myproj/project_1.gen/sources_1/bd/base/ip/base_rst_ps7_0_100M_0/base_rst_ps7_0_100M_0_board.xdc] for cell 'base_i/rst_ps7_0_100M/U0'
Parsing XDC File [c:/Xilinx/PYNQ/boards/Pynq-Z1/base/InfoProc-Lab-3/myproj/project_1.gen/sources_1/bd/base/ip/base_rst_ps7_0_100M_0/base_rst_ps7_0_100M_0.xdc] for cell 'base_i/rst_ps7_0_100M/U0'
Finished Parsing XDC File [c:/Xilinx/PYNQ/boards/Pynq-Z1/base/InfoProc-Lab-3/myproj/project_1.gen/sources_1/bd/base/ip/base_rst_ps7_0_100M_0/base_rst_ps7_0_100M_0.xdc] for cell 'base_i/rst_ps7_0_100M/U0'
Parsing XDC File [c:/Xilinx/PYNQ/boards/Pynq-Z1/base/InfoProc-Lab-3/myproj/project_1.gen/sources_1/bd/base/ip/base_rst_ps7_0_100M_1_0/base_rst_ps7_0_100M_1_0_board.xdc] for cell 'base_i/rst_ps7_0_100M_1/U0'
Finished Parsing XDC File [c:/Xilinx/PYNQ/boards/Pynq-Z1/base/InfoProc-Lab-3/myproj/project_1.gen/sources_1/bd/base/ip/base_rst_ps7_0_100M_1_0/base_rst_ps7_0_100M_1_0_board.xdc] for cell 'base_i/rst_ps7_0_100M_1/U0'
Parsing XDC File [c:/Xilinx/PYNQ/boards/Pynq-Z1/base/InfoProc-Lab-3/myproj/project_1.gen/sources_1/bd/base/ip/base_rst_ps7_0_100M_1_0/base_rst_ps7_0_100M_1_0.xdc] for cell 'base_i/rst_ps7_0_100M_1/U0'
Finished Parsing XDC File [c:/Xilinx/PYNQ/boards/Pynq-Z1/base/InfoProc-Lab-3/myproj/project_1.gen/sources_1/bd/base/ip/base_rst_ps7_0_100M_1_0/base_rst_ps7_0_100M_1_0.xdc] for cell 'base_i/rst_ps7_0_100M_1/U0'
Parsing XDC File [c:/Xilinx/PYNQ/boards/Pynq-Z1/base/InfoProc-Lab-3/myproj/project_1.gen/sources_1/bd/base/ip/base_ila_0_1/ila_v6_2/constraints/ila_impl.xdc] for cell 'base_i/ila_0/inst'
Finished Parsing XDC File [c:/Xilinx/PYNQ/boards/Pynq-Z1/base/InfoProc-Lab-3/myproj/project_1.gen/sources_1/bd/base/ip/base_ila_0_1/ila_v6_2/constraints/ila_impl.xdc] for cell 'base_i/ila_0/inst'
Parsing XDC File [c:/Xilinx/PYNQ/boards/Pynq-Z1/base/InfoProc-Lab-3/myproj/project_1.gen/sources_1/bd/base/ip/base_ila_0_1/ila_v6_2/constraints/ila.xdc] for cell 'base_i/ila_0/inst'
Finished Parsing XDC File [c:/Xilinx/PYNQ/boards/Pynq-Z1/base/InfoProc-Lab-3/myproj/project_1.gen/sources_1/bd/base/ip/base_ila_0_1/ila_v6_2/constraints/ila.xdc] for cell 'base_i/ila_0/inst'
Parsing XDC File [c:/Xilinx/PYNQ/boards/Pynq-Z1/base/InfoProc-Lab-3/myproj/project_1.gen/sources_1/bd/base/ip/base_axi_gpio_0_2/base_axi_gpio_0_2_board.xdc] for cell 'base_i/axi_gpio_0/U0'
Finished Parsing XDC File [c:/Xilinx/PYNQ/boards/Pynq-Z1/base/InfoProc-Lab-3/myproj/project_1.gen/sources_1/bd/base/ip/base_axi_gpio_0_2/base_axi_gpio_0_2_board.xdc] for cell 'base_i/axi_gpio_0/U0'
Parsing XDC File [c:/Xilinx/PYNQ/boards/Pynq-Z1/base/InfoProc-Lab-3/myproj/project_1.gen/sources_1/bd/base/ip/base_axi_gpio_0_2/base_axi_gpio_0_2.xdc] for cell 'base_i/axi_gpio_0/U0'
Finished Parsing XDC File [c:/Xilinx/PYNQ/boards/Pynq-Z1/base/InfoProc-Lab-3/myproj/project_1.gen/sources_1/bd/base/ip/base_axi_gpio_0_2/base_axi_gpio_0_2.xdc] for cell 'base_i/axi_gpio_0/U0'
Parsing XDC File [c:/Xilinx/PYNQ/boards/Pynq-Z1/base/InfoProc-Lab-3/myproj/project_1.gen/sources_1/bd/base/ip/base_audio_direct_0_3/src/fifo_generator_1_1/fifo_generator_1.xdc] for cell 'base_i/audio_direct_0/inst/audio_direct_v1_1_S_AXI_inst/pdm_rxtx_inst/Inst_PdmTxFifo/U0'
Finished Parsing XDC File [c:/Xilinx/PYNQ/boards/Pynq-Z1/base/InfoProc-Lab-3/myproj/project_1.gen/sources_1/bd/base/ip/base_audio_direct_0_3/src/fifo_generator_1_1/fifo_generator_1.xdc] for cell 'base_i/audio_direct_0/inst/audio_direct_v1_1_S_AXI_inst/pdm_rxtx_inst/Inst_PdmTxFifo/U0'
Parsing XDC File [c:/Xilinx/PYNQ/boards/Pynq-Z1/base/InfoProc-Lab-3/myproj/project_1.gen/sources_1/bd/base/ip/base_audio_direct_0_3/src/fifo_generator_0_1/fifo_generator_0.xdc] for cell 'base_i/audio_direct_0/inst/audio_direct_v1_1_S_AXI_inst/pdm_rxtx_inst/Inst_PdmRxFifo/U0'
Finished Parsing XDC File [c:/Xilinx/PYNQ/boards/Pynq-Z1/base/InfoProc-Lab-3/myproj/project_1.gen/sources_1/bd/base/ip/base_audio_direct_0_3/src/fifo_generator_0_1/fifo_generator_0.xdc] for cell 'base_i/audio_direct_0/inst/audio_direct_v1_1_S_AXI_inst/pdm_rxtx_inst/Inst_PdmRxFifo/U0'
Parsing XDC File [C:/Xilinx/PYNQ/boards/Pynq-Z1/base/InfoProc-Lab-3/myproj/project_1.srcs/constrs_1/imports/base/base.xdc]
WARNING: [Vivado 12-584] No ports matched 'sws_2bits_tri_i[0]'. [C:/Xilinx/PYNQ/boards/Pynq-Z1/base/InfoProc-Lab-3/myproj/project_1.srcs/constrs_1/imports/base/base.xdc:2]
CRITICAL WARNING: [Common 17-55] 'set_property' expects at least one object. [C:/Xilinx/PYNQ/boards/Pynq-Z1/base/InfoProc-Lab-3/myproj/project_1.srcs/constrs_1/imports/base/base.xdc:2]
Resolution: If [get_<value>] was used to populate the object, check to make sure this command returns at least one valid object.
WARNING: [Vivado 12-584] No ports matched 'sws_2bits_tri_i[1]'. [C:/Xilinx/PYNQ/boards/Pynq-Z1/base/InfoProc-Lab-3/myproj/project_1.srcs/constrs_1/imports/base/base.xdc:3]
CRITICAL WARNING: [Common 17-55] 'set_property' expects at least one object. [C:/Xilinx/PYNQ/boards/Pynq-Z1/base/InfoProc-Lab-3/myproj/project_1.srcs/constrs_1/imports/base/base.xdc:3]
Resolution: If [get_<value>] was used to populate the object, check to make sure this command returns at least one valid object.
WARNING: [Vivado 12-584] No ports matched 'leds_4bits_tri_o[0]'. [C:/Xilinx/PYNQ/boards/Pynq-Z1/base/InfoProc-Lab-3/myproj/project_1.srcs/constrs_1/imports/base/base.xdc:12]
CRITICAL WARNING: [Common 17-55] 'set_property' expects at least one object. [C:/Xilinx/PYNQ/boards/Pynq-Z1/base/InfoProc-Lab-3/myproj/project_1.srcs/constrs_1/imports/base/base.xdc:12]
Resolution: If [get_<value>] was used to populate the object, check to make sure this command returns at least one valid object.
WARNING: [Vivado 12-584] No ports matched 'leds_4bits_tri_o[1]'. [C:/Xilinx/PYNQ/boards/Pynq-Z1/base/InfoProc-Lab-3/myproj/project_1.srcs/constrs_1/imports/base/base.xdc:13]
CRITICAL WARNING: [Common 17-55] 'set_property' expects at least one object. [C:/Xilinx/PYNQ/boards/Pynq-Z1/base/InfoProc-Lab-3/myproj/project_1.srcs/constrs_1/imports/base/base.xdc:13]
Resolution: If [get_<value>] was used to populate the object, check to make sure this command returns at least one valid object.
WARNING: [Vivado 12-584] No ports matched 'leds_4bits_tri_o[2]'. [C:/Xilinx/PYNQ/boards/Pynq-Z1/base/InfoProc-Lab-3/myproj/project_1.srcs/constrs_1/imports/base/base.xdc:14]
CRITICAL WARNING: [Common 17-55] 'set_property' expects at least one object. [C:/Xilinx/PYNQ/boards/Pynq-Z1/base/InfoProc-Lab-3/myproj/project_1.srcs/constrs_1/imports/base/base.xdc:14]
Resolution: If [get_<value>] was used to populate the object, check to make sure this command returns at least one valid object.
WARNING: [Vivado 12-584] No ports matched 'leds_4bits_tri_o[3]'. [C:/Xilinx/PYNQ/boards/Pynq-Z1/base/InfoProc-Lab-3/myproj/project_1.srcs/constrs_1/imports/base/base.xdc:15]
CRITICAL WARNING: [Common 17-55] 'set_property' expects at least one object. [C:/Xilinx/PYNQ/boards/Pynq-Z1/base/InfoProc-Lab-3/myproj/project_1.srcs/constrs_1/imports/base/base.xdc:15]
Resolution: If [get_<value>] was used to populate the object, check to make sure this command returns at least one valid object.
WARNING: [Vivado 12-584] No ports matched 'rgbleds_6bits_tri_o[0]'. [C:/Xilinx/PYNQ/boards/Pynq-Z1/base/InfoProc-Lab-3/myproj/project_1.srcs/constrs_1/imports/base/base.xdc:18]
CRITICAL WARNING: [Common 17-55] 'set_property' expects at least one object. [C:/Xilinx/PYNQ/boards/Pynq-Z1/base/InfoProc-Lab-3/myproj/project_1.srcs/constrs_1/imports/base/base.xdc:18]
Resolution: If [get_<value>] was used to populate the object, check to make sure this command returns at least one valid object.
WARNING: [Vivado 12-584] No ports matched 'rgbleds_6bits_tri_o[1]'. [C:/Xilinx/PYNQ/boards/Pynq-Z1/base/InfoProc-Lab-3/myproj/project_1.srcs/constrs_1/imports/base/base.xdc:19]
CRITICAL WARNING: [Common 17-55] 'set_property' expects at least one object. [C:/Xilinx/PYNQ/boards/Pynq-Z1/base/InfoProc-Lab-3/myproj/project_1.srcs/constrs_1/imports/base/base.xdc:19]
Resolution: If [get_<value>] was used to populate the object, check to make sure this command returns at least one valid object.
WARNING: [Vivado 12-584] No ports matched 'rgbleds_6bits_tri_o[2]'. [C:/Xilinx/PYNQ/boards/Pynq-Z1/base/InfoProc-Lab-3/myproj/project_1.srcs/constrs_1/imports/base/base.xdc:20]
CRITICAL WARNING: [Common 17-55] 'set_property' expects at least one object. [C:/Xilinx/PYNQ/boards/Pynq-Z1/base/InfoProc-Lab-3/myproj/project_1.srcs/constrs_1/imports/base/base.xdc:20]
Resolution: If [get_<value>] was used to populate the object, check to make sure this command returns at least one valid object.
WARNING: [Vivado 12-584] No ports matched 'rgbleds_6bits_tri_o[3]'. [C:/Xilinx/PYNQ/boards/Pynq-Z1/base/InfoProc-Lab-3/myproj/project_1.srcs/constrs_1/imports/base/base.xdc:21]
CRITICAL WARNING: [Common 17-55] 'set_property' expects at least one object. [C:/Xilinx/PYNQ/boards/Pynq-Z1/base/InfoProc-Lab-3/myproj/project_1.srcs/constrs_1/imports/base/base.xdc:21]
Resolution: If [get_<value>] was used to populate the object, check to make sure this command returns at least one valid object.
WARNING: [Vivado 12-584] No ports matched 'rgbleds_6bits_tri_o[4]'. [C:/Xilinx/PYNQ/boards/Pynq-Z1/base/InfoProc-Lab-3/myproj/project_1.srcs/constrs_1/imports/base/base.xdc:22]
CRITICAL WARNING: [Common 17-55] 'set_property' expects at least one object. [C:/Xilinx/PYNQ/boards/Pynq-Z1/base/InfoProc-Lab-3/myproj/project_1.srcs/constrs_1/imports/base/base.xdc:22]
Resolution: If [get_<value>] was used to populate the object, check to make sure this command returns at least one valid object.
WARNING: [Vivado 12-584] No ports matched 'rgbleds_6bits_tri_o[5]'. [C:/Xilinx/PYNQ/boards/Pynq-Z1/base/InfoProc-Lab-3/myproj/project_1.srcs/constrs_1/imports/base/base.xdc:23]
CRITICAL WARNING: [Common 17-55] 'set_property' expects at least one object. [C:/Xilinx/PYNQ/boards/Pynq-Z1/base/InfoProc-Lab-3/myproj/project_1.srcs/constrs_1/imports/base/base.xdc:23]
Resolution: If [get_<value>] was used to populate the object, check to make sure this command returns at least one valid object.
WARNING: [Vivado 12-584] No ports matched 'hdmi_in_clk_p'. [C:/Xilinx/PYNQ/boards/Pynq-Z1/base/InfoProc-Lab-3/myproj/project_1.srcs/constrs_1/imports/base/base.xdc:34]
CRITICAL WARNING: [Vivado 12-4739] create_clock:No valid object(s) found for '-objects [get_ports hdmi_in_clk_p]'. [C:/Xilinx/PYNQ/boards/Pynq-Z1/base/InfoProc-Lab-3/myproj/project_1.srcs/constrs_1/imports/base/base.xdc:34]
Resolution: Check if the specified object(s) exists in the current design. If it does, ensure that the correct design hierarchy was specified for the object. If you are working with clocks, make sure create_clock was used to create the clock object before it is referenced.
WARNING: [Vivado 12-584] No ports matched 'hdmi_in_clk_n'. [C:/Xilinx/PYNQ/boards/Pynq-Z1/base/InfoProc-Lab-3/myproj/project_1.srcs/constrs_1/imports/base/base.xdc:35]
CRITICAL WARNING: [Common 17-55] 'set_property' expects at least one object. [C:/Xilinx/PYNQ/boards/Pynq-Z1/base/InfoProc-Lab-3/myproj/project_1.srcs/constrs_1/imports/base/base.xdc:35]
Resolution: If [get_<value>] was used to populate the object, check to make sure this command returns at least one valid object.
WARNING: [Vivado 12-584] No ports matched 'hdmi_in_clk_p'. [C:/Xilinx/PYNQ/boards/Pynq-Z1/base/InfoProc-Lab-3/myproj/project_1.srcs/constrs_1/imports/base/base.xdc:36]
CRITICAL WARNING: [Common 17-55] 'set_property' expects at least one object. [C:/Xilinx/PYNQ/boards/Pynq-Z1/base/InfoProc-Lab-3/myproj/project_1.srcs/constrs_1/imports/base/base.xdc:36]
Resolution: If [get_<value>] was used to populate the object, check to make sure this command returns at least one valid object.
WARNING: [Vivado 12-584] No ports matched 'hdmi_in_data_n[0]'. [C:/Xilinx/PYNQ/boards/Pynq-Z1/base/InfoProc-Lab-3/myproj/project_1.srcs/constrs_1/imports/base/base.xdc:37]
CRITICAL WARNING: [Common 17-55] 'set_property' expects at least one object. [C:/Xilinx/PYNQ/boards/Pynq-Z1/base/InfoProc-Lab-3/myproj/project_1.srcs/constrs_1/imports/base/base.xdc:37]
Resolution: If [get_<value>] was used to populate the object, check to make sure this command returns at least one valid object.
WARNING: [Vivado 12-584] No ports matched 'hdmi_in_data_p[0]'. [C:/Xilinx/PYNQ/boards/Pynq-Z1/base/InfoProc-Lab-3/myproj/project_1.srcs/constrs_1/imports/base/base.xdc:38]
CRITICAL WARNING: [Common 17-55] 'set_property' expects at least one object. [C:/Xilinx/PYNQ/boards/Pynq-Z1/base/InfoProc-Lab-3/myproj/project_1.srcs/constrs_1/imports/base/base.xdc:38]
Resolution: If [get_<value>] was used to populate the object, check to make sure this command returns at least one valid object.
WARNING: [Vivado 12-584] No ports matched 'hdmi_in_data_n[1]'. [C:/Xilinx/PYNQ/boards/Pynq-Z1/base/InfoProc-Lab-3/myproj/project_1.srcs/constrs_1/imports/base/base.xdc:39]
CRITICAL WARNING: [Common 17-55] 'set_property' expects at least one object. [C:/Xilinx/PYNQ/boards/Pynq-Z1/base/InfoProc-Lab-3/myproj/project_1.srcs/constrs_1/imports/base/base.xdc:39]
Resolution: If [get_<value>] was used to populate the object, check to make sure this command returns at least one valid object.
WARNING: [Vivado 12-584] No ports matched 'hdmi_in_data_p[1]'. [C:/Xilinx/PYNQ/boards/Pynq-Z1/base/InfoProc-Lab-3/myproj/project_1.srcs/constrs_1/imports/base/base.xdc:40]
CRITICAL WARNING: [Common 17-55] 'set_property' expects at least one object. [C:/Xilinx/PYNQ/boards/Pynq-Z1/base/InfoProc-Lab-3/myproj/project_1.srcs/constrs_1/imports/base/base.xdc:40]
Resolution: If [get_<value>] was used to populate the object, check to make sure this command returns at least one valid object.
WARNING: [Vivado 12-584] No ports matched 'hdmi_in_data_n[2]'. [C:/Xilinx/PYNQ/boards/Pynq-Z1/base/InfoProc-Lab-3/myproj/project_1.srcs/constrs_1/imports/base/base.xdc:41]
CRITICAL WARNING: [Common 17-55] 'set_property' expects at least one object. [C:/Xilinx/PYNQ/boards/Pynq-Z1/base/InfoProc-Lab-3/myproj/project_1.srcs/constrs_1/imports/base/base.xdc:41]
Resolution: If [get_<value>] was used to populate the object, check to make sure this command returns at least one valid object.
WARNING: [Vivado 12-584] No ports matched 'hdmi_in_data_p[2]'. [C:/Xilinx/PYNQ/boards/Pynq-Z1/base/InfoProc-Lab-3/myproj/project_1.srcs/constrs_1/imports/base/base.xdc:42]
CRITICAL WARNING: [Common 17-55] 'set_property' expects at least one object. [C:/Xilinx/PYNQ/boards/Pynq-Z1/base/InfoProc-Lab-3/myproj/project_1.srcs/constrs_1/imports/base/base.xdc:42]
Resolution: If [get_<value>] was used to populate the object, check to make sure this command returns at least one valid object.
WARNING: [Vivado 12-584] No ports matched 'hdmi_in_hpd[0]'. [C:/Xilinx/PYNQ/boards/Pynq-Z1/base/InfoProc-Lab-3/myproj/project_1.srcs/constrs_1/imports/base/base.xdc:43]
CRITICAL WARNING: [Common 17-55] 'set_property' expects at least one object. [C:/Xilinx/PYNQ/boards/Pynq-Z1/base/InfoProc-Lab-3/myproj/project_1.srcs/constrs_1/imports/base/base.xdc:43]
Resolution: If [get_<value>] was used to populate the object, check to make sure this command returns at least one valid object.
WARNING: [Vivado 12-584] No ports matched 'hdmi_in_ddc_scl_io'. [C:/Xilinx/PYNQ/boards/Pynq-Z1/base/InfoProc-Lab-3/myproj/project_1.srcs/constrs_1/imports/base/base.xdc:44]
CRITICAL WARNING: [Common 17-55] 'set_property' expects at least one object. [C:/Xilinx/PYNQ/boards/Pynq-Z1/base/InfoProc-Lab-3/myproj/project_1.srcs/constrs_1/imports/base/base.xdc:44]
Resolution: If [get_<value>] was used to populate the object, check to make sure this command returns at least one valid object.
WARNING: [Vivado 12-584] No ports matched 'hdmi_in_ddc_sda_io'. [C:/Xilinx/PYNQ/boards/Pynq-Z1/base/InfoProc-Lab-3/myproj/project_1.srcs/constrs_1/imports/base/base.xdc:45]
CRITICAL WARNING: [Common 17-55] 'set_property' expects at least one object. [C:/Xilinx/PYNQ/boards/Pynq-Z1/base/InfoProc-Lab-3/myproj/project_1.srcs/constrs_1/imports/base/base.xdc:45]
Resolution: If [get_<value>] was used to populate the object, check to make sure this command returns at least one valid object.
WARNING: [Vivado 12-584] No ports matched 'hdmi_out_clk_n'. [C:/Xilinx/PYNQ/boards/Pynq-Z1/base/InfoProc-Lab-3/myproj/project_1.srcs/constrs_1/imports/base/base.xdc:46]
CRITICAL WARNING: [Common 17-55] 'set_property' expects at least one object. [C:/Xilinx/PYNQ/boards/Pynq-Z1/base/InfoProc-Lab-3/myproj/project_1.srcs/constrs_1/imports/base/base.xdc:46]
Resolution: If [get_<value>] was used to populate the object, check to make sure this command returns at least one valid object.
WARNING: [Vivado 12-584] No ports matched 'hdmi_out_clk_p'. [C:/Xilinx/PYNQ/boards/Pynq-Z1/base/InfoProc-Lab-3/myproj/project_1.srcs/constrs_1/imports/base/base.xdc:47]
CRITICAL WARNING: [Common 17-55] 'set_property' expects at least one object. [C:/Xilinx/PYNQ/boards/Pynq-Z1/base/InfoProc-Lab-3/myproj/project_1.srcs/constrs_1/imports/base/base.xdc:47]
Resolution: If [get_<value>] was used to populate the object, check to make sure this command returns at least one valid object.
WARNING: [Vivado 12-584] No ports matched 'hdmi_out_data_n[0]'. [C:/Xilinx/PYNQ/boards/Pynq-Z1/base/InfoProc-Lab-3/myproj/project_1.srcs/constrs_1/imports/base/base.xdc:48]
CRITICAL WARNING: [Common 17-55] 'set_property' expects at least one object. [C:/Xilinx/PYNQ/boards/Pynq-Z1/base/InfoProc-Lab-3/myproj/project_1.srcs/constrs_1/imports/base/base.xdc:48]
Resolution: If [get_<value>] was used to populate the object, check to make sure this command returns at least one valid object.
WARNING: [Vivado 12-584] No ports matched 'hdmi_out_data_p[0]'. [C:/Xilinx/PYNQ/boards/Pynq-Z1/base/InfoProc-Lab-3/myproj/project_1.srcs/constrs_1/imports/base/base.xdc:49]
CRITICAL WARNING: [Common 17-55] 'set_property' expects at least one object. [C:/Xilinx/PYNQ/boards/Pynq-Z1/base/InfoProc-Lab-3/myproj/project_1.srcs/constrs_1/imports/base/base.xdc:49]
Resolution: If [get_<value>] was used to populate the object, check to make sure this command returns at least one valid object.
WARNING: [Vivado 12-584] No ports matched 'hdmi_out_data_n[1]'. [C:/Xilinx/PYNQ/boards/Pynq-Z1/base/InfoProc-Lab-3/myproj/project_1.srcs/constrs_1/imports/base/base.xdc:50]
CRITICAL WARNING: [Common 17-55] 'set_property' expects at least one object. [C:/Xilinx/PYNQ/boards/Pynq-Z1/base/InfoProc-Lab-3/myproj/project_1.srcs/constrs_1/imports/base/base.xdc:50]
Resolution: If [get_<value>] was used to populate the object, check to make sure this command returns at least one valid object.
WARNING: [Vivado 12-584] No ports matched 'hdmi_out_data_p[1]'. [C:/Xilinx/PYNQ/boards/Pynq-Z1/base/InfoProc-Lab-3/myproj/project_1.srcs/constrs_1/imports/base/base.xdc:51]
CRITICAL WARNING: [Common 17-55] 'set_property' expects at least one object. [C:/Xilinx/PYNQ/boards/Pynq-Z1/base/InfoProc-Lab-3/myproj/project_1.srcs/constrs_1/imports/base/base.xdc:51]
Resolution: If [get_<value>] was used to populate the object, check to make sure this command returns at least one valid object.
WARNING: [Vivado 12-584] No ports matched 'hdmi_out_data_n[2]'. [C:/Xilinx/PYNQ/boards/Pynq-Z1/base/InfoProc-Lab-3/myproj/project_1.srcs/constrs_1/imports/base/base.xdc:52]
CRITICAL WARNING: [Common 17-55] 'set_property' expects at least one object. [C:/Xilinx/PYNQ/boards/Pynq-Z1/base/InfoProc-Lab-3/myproj/project_1.srcs/constrs_1/imports/base/base.xdc:52]
Resolution: If [get_<value>] was used to populate the object, check to make sure this command returns at least one valid object.
WARNING: [Vivado 12-584] No ports matched 'hdmi_out_data_p[2]'. [C:/Xilinx/PYNQ/boards/Pynq-Z1/base/InfoProc-Lab-3/myproj/project_1.srcs/constrs_1/imports/base/base.xdc:53]
CRITICAL WARNING: [Common 17-55] 'set_property' expects at least one object. [C:/Xilinx/PYNQ/boards/Pynq-Z1/base/InfoProc-Lab-3/myproj/project_1.srcs/constrs_1/imports/base/base.xdc:53]
Resolution: If [get_<value>] was used to populate the object, check to make sure this command returns at least one valid object.
WARNING: [Vivado 12-584] No ports matched 'hdmi_out_hpd[0]'. [C:/Xilinx/PYNQ/boards/Pynq-Z1/base/InfoProc-Lab-3/myproj/project_1.srcs/constrs_1/imports/base/base.xdc:54]
CRITICAL WARNING: [Common 17-55] 'set_property' expects at least one object. [C:/Xilinx/PYNQ/boards/Pynq-Z1/base/InfoProc-Lab-3/myproj/project_1.srcs/constrs_1/imports/base/base.xdc:54]
Resolution: If [get_<value>] was used to populate the object, check to make sure this command returns at least one valid object.
WARNING: [Vivado 12-584] No ports matched 'hdmi_out_ddc_scl_io'. [C:/Xilinx/PYNQ/boards/Pynq-Z1/base/InfoProc-Lab-3/myproj/project_1.srcs/constrs_1/imports/base/base.xdc:55]
CRITICAL WARNING: [Common 17-55] 'set_property' expects at least one object. [C:/Xilinx/PYNQ/boards/Pynq-Z1/base/InfoProc-Lab-3/myproj/project_1.srcs/constrs_1/imports/base/base.xdc:55]
Resolution: If [get_<value>] was used to populate the object, check to make sure this command returns at least one valid object.
WARNING: [Vivado 12-584] No ports matched 'hdmi_out_ddc_sda_io'. [C:/Xilinx/PYNQ/boards/Pynq-Z1/base/InfoProc-Lab-3/myproj/project_1.srcs/constrs_1/imports/base/base.xdc:56]
CRITICAL WARNING: [Common 17-55] 'set_property' expects at least one object. [C:/Xilinx/PYNQ/boards/Pynq-Z1/base/InfoProc-Lab-3/myproj/project_1.srcs/constrs_1/imports/base/base.xdc:56]
Resolution: If [get_<value>] was used to populate the object, check to make sure this command returns at least one valid object.
WARNING: [Vivado 12-584] No ports matched 'pmoda_gpio_tri_io[1]'. [C:/Xilinx/PYNQ/boards/Pynq-Z1/base/InfoProc-Lab-3/myproj/project_1.srcs/constrs_1/imports/base/base.xdc:59]
CRITICAL WARNING: [Common 17-55] 'set_property' expects at least one object. [C:/Xilinx/PYNQ/boards/Pynq-Z1/base/InfoProc-Lab-3/myproj/project_1.srcs/constrs_1/imports/base/base.xdc:59]
Resolution: If [get_<value>] was used to populate the object, check to make sure this command returns at least one valid object.
WARNING: [Vivado 12-584] No ports matched 'pmoda_gpio_tri_io[0]'. [C:/Xilinx/PYNQ/boards/Pynq-Z1/base/InfoProc-Lab-3/myproj/project_1.srcs/constrs_1/imports/base/base.xdc:60]
CRITICAL WARNING: [Common 17-55] 'set_property' expects at least one object. [C:/Xilinx/PYNQ/boards/Pynq-Z1/base/InfoProc-Lab-3/myproj/project_1.srcs/constrs_1/imports/base/base.xdc:60]
Resolution: If [get_<value>] was used to populate the object, check to make sure this command returns at least one valid object.
WARNING: [Vivado 12-584] No ports matched 'pmoda_gpio_tri_io[3]'. [C:/Xilinx/PYNQ/boards/Pynq-Z1/base/InfoProc-Lab-3/myproj/project_1.srcs/constrs_1/imports/base/base.xdc:61]
CRITICAL WARNING: [Common 17-55] 'set_property' expects at least one object. [C:/Xilinx/PYNQ/boards/Pynq-Z1/base/InfoProc-Lab-3/myproj/project_1.srcs/constrs_1/imports/base/base.xdc:61]
Resolution: If [get_<value>] was used to populate the object, check to make sure this command returns at least one valid object.
WARNING: [Vivado 12-584] No ports matched 'pmoda_gpio_tri_io[2]'. [C:/Xilinx/PYNQ/boards/Pynq-Z1/base/InfoProc-Lab-3/myproj/project_1.srcs/constrs_1/imports/base/base.xdc:62]
CRITICAL WARNING: [Common 17-55] 'set_property' expects at least one object. [C:/Xilinx/PYNQ/boards/Pynq-Z1/base/InfoProc-Lab-3/myproj/project_1.srcs/constrs_1/imports/base/base.xdc:62]
Resolution: If [get_<value>] was used to populate the object, check to make sure this command returns at least one valid object.
WARNING: [Vivado 12-584] No ports matched 'pmoda_gpio_tri_io[5]'. [C:/Xilinx/PYNQ/boards/Pynq-Z1/base/InfoProc-Lab-3/myproj/project_1.srcs/constrs_1/imports/base/base.xdc:63]
CRITICAL WARNING: [Common 17-55] 'set_property' expects at least one object. [C:/Xilinx/PYNQ/boards/Pynq-Z1/base/InfoProc-Lab-3/myproj/project_1.srcs/constrs_1/imports/base/base.xdc:63]
Resolution: If [get_<value>] was used to populate the object, check to make sure this command returns at least one valid object.
WARNING: [Vivado 12-584] No ports matched 'pmoda_gpio_tri_io[4]'. [C:/Xilinx/PYNQ/boards/Pynq-Z1/base/InfoProc-Lab-3/myproj/project_1.srcs/constrs_1/imports/base/base.xdc:64]
CRITICAL WARNING: [Common 17-55] 'set_property' expects at least one object. [C:/Xilinx/PYNQ/boards/Pynq-Z1/base/InfoProc-Lab-3/myproj/project_1.srcs/constrs_1/imports/base/base.xdc:64]
Resolution: If [get_<value>] was used to populate the object, check to make sure this command returns at least one valid object.
WARNING: [Vivado 12-584] No ports matched 'pmoda_gpio_tri_io[7]'. [C:/Xilinx/PYNQ/boards/Pynq-Z1/base/InfoProc-Lab-3/myproj/project_1.srcs/constrs_1/imports/base/base.xdc:65]
CRITICAL WARNING: [Common 17-55] 'set_property' expects at least one object. [C:/Xilinx/PYNQ/boards/Pynq-Z1/base/InfoProc-Lab-3/myproj/project_1.srcs/constrs_1/imports/base/base.xdc:65]
Resolution: If [get_<value>] was used to populate the object, check to make sure this command returns at least one valid object.
WARNING: [Vivado 12-584] No ports matched 'pmoda_gpio_tri_io[6]'. [C:/Xilinx/PYNQ/boards/Pynq-Z1/base/InfoProc-Lab-3/myproj/project_1.srcs/constrs_1/imports/base/base.xdc:66]
CRITICAL WARNING: [Common 17-55] 'set_property' expects at least one object. [C:/Xilinx/PYNQ/boards/Pynq-Z1/base/InfoProc-Lab-3/myproj/project_1.srcs/constrs_1/imports/base/base.xdc:66]
Resolution: If [get_<value>] was used to populate the object, check to make sure this command returns at least one valid object.
WARNING: [Vivado 12-584] No ports matched 'pmoda_gpio_tri_io[2]'. [C:/Xilinx/PYNQ/boards/Pynq-Z1/base/InfoProc-Lab-3/myproj/project_1.srcs/constrs_1/imports/base/base.xdc:67]
CRITICAL WARNING: [Common 17-55] 'set_property' expects at least one object. [C:/Xilinx/PYNQ/boards/Pynq-Z1/base/InfoProc-Lab-3/myproj/project_1.srcs/constrs_1/imports/base/base.xdc:67]
Resolution: If [get_<value>] was used to populate the object, check to make sure this command returns at least one valid object.
WARNING: [Vivado 12-584] No ports matched 'pmoda_gpio_tri_io[3]'. [C:/Xilinx/PYNQ/boards/Pynq-Z1/base/InfoProc-Lab-3/myproj/project_1.srcs/constrs_1/imports/base/base.xdc:68]
CRITICAL WARNING: [Common 17-55] 'set_property' expects at least one object. [C:/Xilinx/PYNQ/boards/Pynq-Z1/base/InfoProc-Lab-3/myproj/project_1.srcs/constrs_1/imports/base/base.xdc:68]
Resolution: If [get_<value>] was used to populate the object, check to make sure this command returns at least one valid object.
WARNING: [Vivado 12-584] No ports matched 'pmoda_gpio_tri_io[6]'. [C:/Xilinx/PYNQ/boards/Pynq-Z1/base/InfoProc-Lab-3/myproj/project_1.srcs/constrs_1/imports/base/base.xdc:69]
CRITICAL WARNING: [Common 17-55] 'set_property' expects at least one object. [C:/Xilinx/PYNQ/boards/Pynq-Z1/base/InfoProc-Lab-3/myproj/project_1.srcs/constrs_1/imports/base/base.xdc:69]
Resolution: If [get_<value>] was used to populate the object, check to make sure this command returns at least one valid object.
WARNING: [Vivado 12-584] No ports matched 'pmoda_gpio_tri_io[7]'. [C:/Xilinx/PYNQ/boards/Pynq-Z1/base/InfoProc-Lab-3/myproj/project_1.srcs/constrs_1/imports/base/base.xdc:70]
CRITICAL WARNING: [Common 17-55] 'set_property' expects at least one object. [C:/Xilinx/PYNQ/boards/Pynq-Z1/base/InfoProc-Lab-3/myproj/project_1.srcs/constrs_1/imports/base/base.xdc:70]
Resolution: If [get_<value>] was used to populate the object, check to make sure this command returns at least one valid object.
WARNING: [Vivado 12-584] No ports matched 'pmodb_gpio_tri_io[1]'. [C:/Xilinx/PYNQ/boards/Pynq-Z1/base/InfoProc-Lab-3/myproj/project_1.srcs/constrs_1/imports/base/base.xdc:73]
CRITICAL WARNING: [Common 17-55] 'set_property' expects at least one object. [C:/Xilinx/PYNQ/boards/Pynq-Z1/base/InfoProc-Lab-3/myproj/project_1.srcs/constrs_1/imports/base/base.xdc:73]
Resolution: If [get_<value>] was used to populate the object, check to make sure this command returns at least one valid object.
WARNING: [Vivado 12-584] No ports matched 'pmodb_gpio_tri_io[0]'. [C:/Xilinx/PYNQ/boards/Pynq-Z1/base/InfoProc-Lab-3/myproj/project_1.srcs/constrs_1/imports/base/base.xdc:74]
CRITICAL WARNING: [Common 17-55] 'set_property' expects at least one object. [C:/Xilinx/PYNQ/boards/Pynq-Z1/base/InfoProc-Lab-3/myproj/project_1.srcs/constrs_1/imports/base/base.xdc:74]
Resolution: If [get_<value>] was used to populate the object, check to make sure this command returns at least one valid object.
WARNING: [Vivado 12-584] No ports matched 'pmodb_gpio_tri_io[3]'. [C:/Xilinx/PYNQ/boards/Pynq-Z1/base/InfoProc-Lab-3/myproj/project_1.srcs/constrs_1/imports/base/base.xdc:75]
CRITICAL WARNING: [Common 17-55] 'set_property' expects at least one object. [C:/Xilinx/PYNQ/boards/Pynq-Z1/base/InfoProc-Lab-3/myproj/project_1.srcs/constrs_1/imports/base/base.xdc:75]
Resolution: If [get_<value>] was used to populate the object, check to make sure this command returns at least one valid object.
WARNING: [Vivado 12-584] No ports matched 'pmodb_gpio_tri_io[2]'. [C:/Xilinx/PYNQ/boards/Pynq-Z1/base/InfoProc-Lab-3/myproj/project_1.srcs/constrs_1/imports/base/base.xdc:76]
CRITICAL WARNING: [Common 17-55] 'set_property' expects at least one object. [C:/Xilinx/PYNQ/boards/Pynq-Z1/base/InfoProc-Lab-3/myproj/project_1.srcs/constrs_1/imports/base/base.xdc:76]
Resolution: If [get_<value>] was used to populate the object, check to make sure this command returns at least one valid object.
WARNING: [Vivado 12-584] No ports matched 'pmodb_gpio_tri_io[5]'. [C:/Xilinx/PYNQ/boards/Pynq-Z1/base/InfoProc-Lab-3/myproj/project_1.srcs/constrs_1/imports/base/base.xdc:77]
CRITICAL WARNING: [Common 17-55] 'set_property' expects at least one object. [C:/Xilinx/PYNQ/boards/Pynq-Z1/base/InfoProc-Lab-3/myproj/project_1.srcs/constrs_1/imports/base/base.xdc:77]
Resolution: If [get_<value>] was used to populate the object, check to make sure this command returns at least one valid object.
WARNING: [Vivado 12-584] No ports matched 'pmodb_gpio_tri_io[4]'. [C:/Xilinx/PYNQ/boards/Pynq-Z1/base/InfoProc-Lab-3/myproj/project_1.srcs/constrs_1/imports/base/base.xdc:78]
CRITICAL WARNING: [Common 17-55] 'set_property' expects at least one object. [C:/Xilinx/PYNQ/boards/Pynq-Z1/base/InfoProc-Lab-3/myproj/project_1.srcs/constrs_1/imports/base/base.xdc:78]
Resolution: If [get_<value>] was used to populate the object, check to make sure this command returns at least one valid object.
WARNING: [Vivado 12-584] No ports matched 'pmodb_gpio_tri_io[7]'. [C:/Xilinx/PYNQ/boards/Pynq-Z1/base/InfoProc-Lab-3/myproj/project_1.srcs/constrs_1/imports/base/base.xdc:79]
CRITICAL WARNING: [Common 17-55] 'set_property' expects at least one object. [C:/Xilinx/PYNQ/boards/Pynq-Z1/base/InfoProc-Lab-3/myproj/project_1.srcs/constrs_1/imports/base/base.xdc:79]
Resolution: If [get_<value>] was used to populate the object, check to make sure this command returns at least one valid object.
WARNING: [Vivado 12-584] No ports matched 'pmodb_gpio_tri_io[6]'. [C:/Xilinx/PYNQ/boards/Pynq-Z1/base/InfoProc-Lab-3/myproj/project_1.srcs/constrs_1/imports/base/base.xdc:80]
CRITICAL WARNING: [Common 17-55] 'set_property' expects at least one object. [C:/Xilinx/PYNQ/boards/Pynq-Z1/base/InfoProc-Lab-3/myproj/project_1.srcs/constrs_1/imports/base/base.xdc:80]
Resolution: If [get_<value>] was used to populate the object, check to make sure this command returns at least one valid object.
WARNING: [Vivado 12-584] No ports matched 'pmodb_gpio_tri_io[2]'. [C:/Xilinx/PYNQ/boards/Pynq-Z1/base/InfoProc-Lab-3/myproj/project_1.srcs/constrs_1/imports/base/base.xdc:81]
CRITICAL WARNING: [Common 17-55] 'set_property' expects at least one object. [C:/Xilinx/PYNQ/boards/Pynq-Z1/base/InfoProc-Lab-3/myproj/project_1.srcs/constrs_1/imports/base/base.xdc:81]
Resolution: If [get_<value>] was used to populate the object, check to make sure this command returns at least one valid object.
WARNING: [Vivado 12-584] No ports matched 'pmodb_gpio_tri_io[3]'. [C:/Xilinx/PYNQ/boards/Pynq-Z1/base/InfoProc-Lab-3/myproj/project_1.srcs/constrs_1/imports/base/base.xdc:82]
CRITICAL WARNING: [Common 17-55] 'set_property' expects at least one object. [C:/Xilinx/PYNQ/boards/Pynq-Z1/base/InfoProc-Lab-3/myproj/project_1.srcs/constrs_1/imports/base/base.xdc:82]
Resolution: If [get_<value>] was used to populate the object, check to make sure this command returns at least one valid object.
WARNING: [Vivado 12-584] No ports matched 'pmodb_gpio_tri_io[6]'. [C:/Xilinx/PYNQ/boards/Pynq-Z1/base/InfoProc-Lab-3/myproj/project_1.srcs/constrs_1/imports/base/base.xdc:83]
CRITICAL WARNING: [Common 17-55] 'set_property' expects at least one object. [C:/Xilinx/PYNQ/boards/Pynq-Z1/base/InfoProc-Lab-3/myproj/project_1.srcs/constrs_1/imports/base/base.xdc:83]
Resolution: If [get_<value>] was used to populate the object, check to make sure this command returns at least one valid object.
WARNING: [Vivado 12-584] No ports matched 'pmodb_gpio_tri_io[7]'. [C:/Xilinx/PYNQ/boards/Pynq-Z1/base/InfoProc-Lab-3/myproj/project_1.srcs/constrs_1/imports/base/base.xdc:84]
CRITICAL WARNING: [Common 17-55] 'set_property' expects at least one object. [C:/Xilinx/PYNQ/boards/Pynq-Z1/base/InfoProc-Lab-3/myproj/project_1.srcs/constrs_1/imports/base/base.xdc:84]
Resolution: If [get_<value>] was used to populate the object, check to make sure this command returns at least one valid object.
WARNING: [Vivado 12-584] No ports matched 'arduino_gpio_tri_io[0]'. [C:/Xilinx/PYNQ/boards/Pynq-Z1/base/InfoProc-Lab-3/myproj/project_1.srcs/constrs_1/imports/base/base.xdc:87]
CRITICAL WARNING: [Common 17-55] 'set_property' expects at least one object. [C:/Xilinx/PYNQ/boards/Pynq-Z1/base/InfoProc-Lab-3/myproj/project_1.srcs/constrs_1/imports/base/base.xdc:87]
Resolution: If [get_<value>] was used to populate the object, check to make sure this command returns at least one valid object.
WARNING: [Vivado 12-584] No ports matched 'arduino_gpio_tri_io[1]'. [C:/Xilinx/PYNQ/boards/Pynq-Z1/base/InfoProc-Lab-3/myproj/project_1.srcs/constrs_1/imports/base/base.xdc:88]
CRITICAL WARNING: [Common 17-55] 'set_property' expects at least one object. [C:/Xilinx/PYNQ/boards/Pynq-Z1/base/InfoProc-Lab-3/myproj/project_1.srcs/constrs_1/imports/base/base.xdc:88]
Resolution: If [get_<value>] was used to populate the object, check to make sure this command returns at least one valid object.
WARNING: [Vivado 12-584] No ports matched 'arduino_gpio_tri_io[2]'. [C:/Xilinx/PYNQ/boards/Pynq-Z1/base/InfoProc-Lab-3/myproj/project_1.srcs/constrs_1/imports/base/base.xdc:89]
CRITICAL WARNING: [Common 17-55] 'set_property' expects at least one object. [C:/Xilinx/PYNQ/boards/Pynq-Z1/base/InfoProc-Lab-3/myproj/project_1.srcs/constrs_1/imports/base/base.xdc:89]
Resolution: If [get_<value>] was used to populate the object, check to make sure this command returns at least one valid object.
WARNING: [Vivado 12-584] No ports matched 'arduino_gpio_tri_io[3]'. [C:/Xilinx/PYNQ/boards/Pynq-Z1/base/InfoProc-Lab-3/myproj/project_1.srcs/constrs_1/imports/base/base.xdc:90]
CRITICAL WARNING: [Common 17-55] 'set_property' expects at least one object. [C:/Xilinx/PYNQ/boards/Pynq-Z1/base/InfoProc-Lab-3/myproj/project_1.srcs/constrs_1/imports/base/base.xdc:90]
Resolution: If [get_<value>] was used to populate the object, check to make sure this command returns at least one valid object.
WARNING: [Vivado 12-584] No ports matched 'arduino_gpio_tri_io[4]'. [C:/Xilinx/PYNQ/boards/Pynq-Z1/base/InfoProc-Lab-3/myproj/project_1.srcs/constrs_1/imports/base/base.xdc:91]
CRITICAL WARNING: [Common 17-55] 'set_property' expects at least one object. [C:/Xilinx/PYNQ/boards/Pynq-Z1/base/InfoProc-Lab-3/myproj/project_1.srcs/constrs_1/imports/base/base.xdc:91]
Resolution: If [get_<value>] was used to populate the object, check to make sure this command returns at least one valid object.
WARNING: [Vivado 12-584] No ports matched 'arduino_gpio_tri_io[5]'. [C:/Xilinx/PYNQ/boards/Pynq-Z1/base/InfoProc-Lab-3/myproj/project_1.srcs/constrs_1/imports/base/base.xdc:92]
CRITICAL WARNING: [Common 17-55] 'set_property' expects at least one object. [C:/Xilinx/PYNQ/boards/Pynq-Z1/base/InfoProc-Lab-3/myproj/project_1.srcs/constrs_1/imports/base/base.xdc:92]
Resolution: If [get_<value>] was used to populate the object, check to make sure this command returns at least one valid object.
WARNING: [Vivado 12-584] No ports matched 'arduino_gpio_tri_io[6]'. [C:/Xilinx/PYNQ/boards/Pynq-Z1/base/InfoProc-Lab-3/myproj/project_1.srcs/constrs_1/imports/base/base.xdc:93]
CRITICAL WARNING: [Common 17-55] 'set_property' expects at least one object. [C:/Xilinx/PYNQ/boards/Pynq-Z1/base/InfoProc-Lab-3/myproj/project_1.srcs/constrs_1/imports/base/base.xdc:93]
Resolution: If [get_<value>] was used to populate the object, check to make sure this command returns at least one valid object.
WARNING: [Vivado 12-584] No ports matched 'arduino_gpio_tri_io[7]'. [C:/Xilinx/PYNQ/boards/Pynq-Z1/base/InfoProc-Lab-3/myproj/project_1.srcs/constrs_1/imports/base/base.xdc:94]
CRITICAL WARNING: [Common 17-55] 'set_property' expects at least one object. [C:/Xilinx/PYNQ/boards/Pynq-Z1/base/InfoProc-Lab-3/myproj/project_1.srcs/constrs_1/imports/base/base.xdc:94]
Resolution: If [get_<value>] was used to populate the object, check to make sure this command returns at least one valid object.
WARNING: [Vivado 12-584] No ports matched 'arduino_gpio_tri_io[8]'. [C:/Xilinx/PYNQ/boards/Pynq-Z1/base/InfoProc-Lab-3/myproj/project_1.srcs/constrs_1/imports/base/base.xdc:95]
CRITICAL WARNING: [Common 17-55] 'set_property' expects at least one object. [C:/Xilinx/PYNQ/boards/Pynq-Z1/base/InfoProc-Lab-3/myproj/project_1.srcs/constrs_1/imports/base/base.xdc:95]
Resolution: If [get_<value>] was used to populate the object, check to make sure this command returns at least one valid object.
WARNING: [Vivado 12-584] No ports matched 'arduino_gpio_tri_io[9]'. [C:/Xilinx/PYNQ/boards/Pynq-Z1/base/InfoProc-Lab-3/myproj/project_1.srcs/constrs_1/imports/base/base.xdc:96]
CRITICAL WARNING: [Common 17-55] 'set_property' expects at least one object. [C:/Xilinx/PYNQ/boards/Pynq-Z1/base/InfoProc-Lab-3/myproj/project_1.srcs/constrs_1/imports/base/base.xdc:96]
Resolution: If [get_<value>] was used to populate the object, check to make sure this command returns at least one valid object.
WARNING: [Vivado 12-584] No ports matched 'arduino_gpio_tri_io[10]'. [C:/Xilinx/PYNQ/boards/Pynq-Z1/base/InfoProc-Lab-3/myproj/project_1.srcs/constrs_1/imports/base/base.xdc:97]
CRITICAL WARNING: [Common 17-55] 'set_property' expects at least one object. [C:/Xilinx/PYNQ/boards/Pynq-Z1/base/InfoProc-Lab-3/myproj/project_1.srcs/constrs_1/imports/base/base.xdc:97]
Resolution: If [get_<value>] was used to populate the object, check to make sure this command returns at least one valid object.
WARNING: [Vivado 12-584] No ports matched 'arduino_gpio_tri_io[11]'. [C:/Xilinx/PYNQ/boards/Pynq-Z1/base/InfoProc-Lab-3/myproj/project_1.srcs/constrs_1/imports/base/base.xdc:98]
CRITICAL WARNING: [Common 17-55] 'set_property' expects at least one object. [C:/Xilinx/PYNQ/boards/Pynq-Z1/base/InfoProc-Lab-3/myproj/project_1.srcs/constrs_1/imports/base/base.xdc:98]
Resolution: If [get_<value>] was used to populate the object, check to make sure this command returns at least one valid object.
WARNING: [Vivado 12-584] No ports matched 'arduino_gpio_tri_io[12]'. [C:/Xilinx/PYNQ/boards/Pynq-Z1/base/InfoProc-Lab-3/myproj/project_1.srcs/constrs_1/imports/base/base.xdc:99]
CRITICAL WARNING: [Common 17-55] 'set_property' expects at least one object. [C:/Xilinx/PYNQ/boards/Pynq-Z1/base/InfoProc-Lab-3/myproj/project_1.srcs/constrs_1/imports/base/base.xdc:99]
Resolution: If [get_<value>] was used to populate the object, check to make sure this command returns at least one valid object.
WARNING: [Vivado 12-584] No ports matched 'arduino_gpio_tri_io[13]'. [C:/Xilinx/PYNQ/boards/Pynq-Z1/base/InfoProc-Lab-3/myproj/project_1.srcs/constrs_1/imports/base/base.xdc:100]
CRITICAL WARNING: [Common 17-55] 'set_property' expects at least one object. [C:/Xilinx/PYNQ/boards/Pynq-Z1/base/InfoProc-Lab-3/myproj/project_1.srcs/constrs_1/imports/base/base.xdc:100]
Resolution: If [get_<value>] was used to populate the object, check to make sure this command returns at least one valid object.
WARNING: [Vivado 12-584] No ports matched 'arduino_direct_iic_scl_io'. [C:/Xilinx/PYNQ/boards/Pynq-Z1/base/InfoProc-Lab-3/myproj/project_1.srcs/constrs_1/imports/base/base.xdc:101]
CRITICAL WARNING: [Common 17-55] 'set_property' expects at least one object. [C:/Xilinx/PYNQ/boards/Pynq-Z1/base/InfoProc-Lab-3/myproj/project_1.srcs/constrs_1/imports/base/base.xdc:101]
Resolution: If [get_<value>] was used to populate the object, check to make sure this command returns at least one valid object.
WARNING: [Vivado 12-584] No ports matched 'arduino_direct_iic_sda_io'. [C:/Xilinx/PYNQ/boards/Pynq-Z1/base/InfoProc-Lab-3/myproj/project_1.srcs/constrs_1/imports/base/base.xdc:102]
CRITICAL WARNING: [Common 17-55] 'set_property' expects at least one object. [C:/Xilinx/PYNQ/boards/Pynq-Z1/base/InfoProc-Lab-3/myproj/project_1.srcs/constrs_1/imports/base/base.xdc:102]
Resolution: If [get_<value>] was used to populate the object, check to make sure this command returns at least one valid object.
WARNING: [Vivado 12-584] No ports matched 'arduino_direct_spi_io1_io'. [C:/Xilinx/PYNQ/boards/Pynq-Z1/base/InfoProc-Lab-3/myproj/project_1.srcs/constrs_1/imports/base/base.xdc:103]
CRITICAL WARNING: [Common 17-55] 'set_property' expects at least one object. [C:/Xilinx/PYNQ/boards/Pynq-Z1/base/InfoProc-Lab-3/myproj/project_1.srcs/constrs_1/imports/base/base.xdc:103]
Resolution: If [get_<value>] was used to populate the object, check to make sure this command returns at least one valid object.
WARNING: [Vivado 12-584] No ports matched 'arduino_direct_spi_io0_io'. [C:/Xilinx/PYNQ/boards/Pynq-Z1/base/InfoProc-Lab-3/myproj/project_1.srcs/constrs_1/imports/base/base.xdc:104]
CRITICAL WARNING: [Common 17-55] 'set_property' expects at least one object. [C:/Xilinx/PYNQ/boards/Pynq-Z1/base/InfoProc-Lab-3/myproj/project_1.srcs/constrs_1/imports/base/base.xdc:104]
Resolution: If [get_<value>] was used to populate the object, check to make sure this command returns at least one valid object.
WARNING: [Vivado 12-584] No ports matched 'arduino_direct_spi_sck_io'. [C:/Xilinx/PYNQ/boards/Pynq-Z1/base/InfoProc-Lab-3/myproj/project_1.srcs/constrs_1/imports/base/base.xdc:105]
CRITICAL WARNING: [Common 17-55] 'set_property' expects at least one object. [C:/Xilinx/PYNQ/boards/Pynq-Z1/base/InfoProc-Lab-3/myproj/project_1.srcs/constrs_1/imports/base/base.xdc:105]
Resolution: If [get_<value>] was used to populate the object, check to make sure this command returns at least one valid object.
WARNING: [Vivado 12-584] No ports matched 'arduino_direct_spi_ss_io'. [C:/Xilinx/PYNQ/boards/Pynq-Z1/base/InfoProc-Lab-3/myproj/project_1.srcs/constrs_1/imports/base/base.xdc:106]
CRITICAL WARNING: [Common 17-55] 'set_property' expects at least one object. [C:/Xilinx/PYNQ/boards/Pynq-Z1/base/InfoProc-Lab-3/myproj/project_1.srcs/constrs_1/imports/base/base.xdc:106]
Resolution: If [get_<value>] was used to populate the object, check to make sure this command returns at least one valid object.
WARNING: [Vivado 12-584] No ports matched 'arduino_gpio_tri_io[19]'. [C:/Xilinx/PYNQ/boards/Pynq-Z1/base/InfoProc-Lab-3/myproj/project_1.srcs/constrs_1/imports/base/base.xdc:107]
CRITICAL WARNING: [Common 17-55] 'set_property' expects at least one object. [C:/Xilinx/PYNQ/boards/Pynq-Z1/base/InfoProc-Lab-3/myproj/project_1.srcs/constrs_1/imports/base/base.xdc:107]
Resolution: If [get_<value>] was used to populate the object, check to make sure this command returns at least one valid object.
WARNING: [Vivado 12-584] No ports matched 'arduino_gpio_tri_io[18]'. [C:/Xilinx/PYNQ/boards/Pynq-Z1/base/InfoProc-Lab-3/myproj/project_1.srcs/constrs_1/imports/base/base.xdc:108]
CRITICAL WARNING: [Common 17-55] 'set_property' expects at least one object. [C:/Xilinx/PYNQ/boards/Pynq-Z1/base/InfoProc-Lab-3/myproj/project_1.srcs/constrs_1/imports/base/base.xdc:108]
Resolution: If [get_<value>] was used to populate the object, check to make sure this command returns at least one valid object.
WARNING: [Vivado 12-584] No ports matched 'arduino_gpio_tri_io[17]'. [C:/Xilinx/PYNQ/boards/Pynq-Z1/base/InfoProc-Lab-3/myproj/project_1.srcs/constrs_1/imports/base/base.xdc:109]
CRITICAL WARNING: [Common 17-55] 'set_property' expects at least one object. [C:/Xilinx/PYNQ/boards/Pynq-Z1/base/InfoProc-Lab-3/myproj/project_1.srcs/constrs_1/imports/base/base.xdc:109]
Resolution: If [get_<value>] was used to populate the object, check to make sure this command returns at least one valid object.
WARNING: [Vivado 12-584] No ports matched 'arduino_gpio_tri_io[16]'. [C:/Xilinx/PYNQ/boards/Pynq-Z1/base/InfoProc-Lab-3/myproj/project_1.srcs/constrs_1/imports/base/base.xdc:110]
CRITICAL WARNING: [Common 17-55] 'set_property' expects at least one object. [C:/Xilinx/PYNQ/boards/Pynq-Z1/base/InfoProc-Lab-3/myproj/project_1.srcs/constrs_1/imports/base/base.xdc:110]
Resolution: If [get_<value>] was used to populate the object, check to make sure this command returns at least one valid object.
WARNING: [Vivado 12-584] No ports matched 'arduino_gpio_tri_io[15]'. [C:/Xilinx/PYNQ/boards/Pynq-Z1/base/InfoProc-Lab-3/myproj/project_1.srcs/constrs_1/imports/base/base.xdc:111]
CRITICAL WARNING: [Common 17-55] 'set_property' expects at least one object. [C:/Xilinx/PYNQ/boards/Pynq-Z1/base/InfoProc-Lab-3/myproj/project_1.srcs/constrs_1/imports/base/base.xdc:111]
Resolution: If [get_<value>] was used to populate the object, check to make sure this command returns at least one valid object.
WARNING: [Vivado 12-584] No ports matched 'arduino_gpio_tri_io[14]'. [C:/Xilinx/PYNQ/boards/Pynq-Z1/base/InfoProc-Lab-3/myproj/project_1.srcs/constrs_1/imports/base/base.xdc:112]
CRITICAL WARNING: [Common 17-55] 'set_property' expects at least one object. [C:/Xilinx/PYNQ/boards/Pynq-Z1/base/InfoProc-Lab-3/myproj/project_1.srcs/constrs_1/imports/base/base.xdc:112]
Resolution: If [get_<value>] was used to populate the object, check to make sure this command returns at least one valid object.
WARNING: [Vivado 12-584] No ports matched 'Vaux1_v_n'. [C:/Xilinx/PYNQ/boards/Pynq-Z1/base/InfoProc-Lab-3/myproj/project_1.srcs/constrs_1/imports/base/base.xdc:115]
CRITICAL WARNING: [Common 17-55] 'set_property' expects at least one object. [C:/Xilinx/PYNQ/boards/Pynq-Z1/base/InfoProc-Lab-3/myproj/project_1.srcs/constrs_1/imports/base/base.xdc:115]
Resolution: If [get_<value>] was used to populate the object, check to make sure this command returns at least one valid object.
WARNING: [Vivado 12-584] No ports matched 'Vaux1_v_p'. [C:/Xilinx/PYNQ/boards/Pynq-Z1/base/InfoProc-Lab-3/myproj/project_1.srcs/constrs_1/imports/base/base.xdc:116]
CRITICAL WARNING: [Common 17-55] 'set_property' expects at least one object. [C:/Xilinx/PYNQ/boards/Pynq-Z1/base/InfoProc-Lab-3/myproj/project_1.srcs/constrs_1/imports/base/base.xdc:116]
Resolution: If [get_<value>] was used to populate the object, check to make sure this command returns at least one valid object.
WARNING: [Vivado 12-584] No ports matched 'Vaux9_v_n'. [C:/Xilinx/PYNQ/boards/Pynq-Z1/base/InfoProc-Lab-3/myproj/project_1.srcs/constrs_1/imports/base/base.xdc:117]
CRITICAL WARNING: [Common 17-55] 'set_property' expects at least one object. [C:/Xilinx/PYNQ/boards/Pynq-Z1/base/InfoProc-Lab-3/myproj/project_1.srcs/constrs_1/imports/base/base.xdc:117]
Resolution: If [get_<value>] was used to populate the object, check to make sure this command returns at least one valid object.
WARNING: [Vivado 12-584] No ports matched 'Vaux9_v_p'. [C:/Xilinx/PYNQ/boards/Pynq-Z1/base/InfoProc-Lab-3/myproj/project_1.srcs/constrs_1/imports/base/base.xdc:118]
CRITICAL WARNING: [Common 17-55] 'set_property' expects at least one object. [C:/Xilinx/PYNQ/boards/Pynq-Z1/base/InfoProc-Lab-3/myproj/project_1.srcs/constrs_1/imports/base/base.xdc:118]
Resolution: If [get_<value>] was used to populate the object, check to make sure this command returns at least one valid object.
WARNING: [Vivado 12-584] No ports matched 'Vaux6_v_n'. [C:/Xilinx/PYNQ/boards/Pynq-Z1/base/InfoProc-Lab-3/myproj/project_1.srcs/constrs_1/imports/base/base.xdc:119]
CRITICAL WARNING: [Common 17-55] 'set_property' expects at least one object. [C:/Xilinx/PYNQ/boards/Pynq-Z1/base/InfoProc-Lab-3/myproj/project_1.srcs/constrs_1/imports/base/base.xdc:119]
Resolution: If [get_<value>] was used to populate the object, check to make sure this command returns at least one valid object.
WARNING: [Vivado 12-584] No ports matched 'Vaux6_v_p'. [C:/Xilinx/PYNQ/boards/Pynq-Z1/base/InfoProc-Lab-3/myproj/project_1.srcs/constrs_1/imports/base/base.xdc:120]
CRITICAL WARNING: [Common 17-55] 'set_property' expects at least one object. [C:/Xilinx/PYNQ/boards/Pynq-Z1/base/InfoProc-Lab-3/myproj/project_1.srcs/constrs_1/imports/base/base.xdc:120]
Resolution: If [get_<value>] was used to populate the object, check to make sure this command returns at least one valid object.
WARNING: [Vivado 12-584] No ports matched 'Vaux15_v_n'. [C:/Xilinx/PYNQ/boards/Pynq-Z1/base/InfoProc-Lab-3/myproj/project_1.srcs/constrs_1/imports/base/base.xdc:121]
CRITICAL WARNING: [Common 17-55] 'set_property' expects at least one object. [C:/Xilinx/PYNQ/boards/Pynq-Z1/base/InfoProc-Lab-3/myproj/project_1.srcs/constrs_1/imports/base/base.xdc:121]
Resolution: If [get_<value>] was used to populate the object, check to make sure this command returns at least one valid object.
WARNING: [Vivado 12-584] No ports matched 'Vaux15_v_p'. [C:/Xilinx/PYNQ/boards/Pynq-Z1/base/InfoProc-Lab-3/myproj/project_1.srcs/constrs_1/imports/base/base.xdc:122]
CRITICAL WARNING: [Common 17-55] 'set_property' expects at least one object. [C:/Xilinx/PYNQ/boards/Pynq-Z1/base/InfoProc-Lab-3/myproj/project_1.srcs/constrs_1/imports/base/base.xdc:122]
Resolution: If [get_<value>] was used to populate the object, check to make sure this command returns at least one valid object.
WARNING: [Vivado 12-584] No ports matched 'Vaux5_v_n'. [C:/Xilinx/PYNQ/boards/Pynq-Z1/base/InfoProc-Lab-3/myproj/project_1.srcs/constrs_1/imports/base/base.xdc:123]
CRITICAL WARNING: [Common 17-55] 'set_property' expects at least one object. [C:/Xilinx/PYNQ/boards/Pynq-Z1/base/InfoProc-Lab-3/myproj/project_1.srcs/constrs_1/imports/base/base.xdc:123]
Resolution: If [get_<value>] was used to populate the object, check to make sure this command returns at least one valid object.
WARNING: [Vivado 12-584] No ports matched 'Vaux5_v_p'. [C:/Xilinx/PYNQ/boards/Pynq-Z1/base/InfoProc-Lab-3/myproj/project_1.srcs/constrs_1/imports/base/base.xdc:124]
CRITICAL WARNING: [Common 17-55] 'set_property' expects at least one object. [C:/Xilinx/PYNQ/boards/Pynq-Z1/base/InfoProc-Lab-3/myproj/project_1.srcs/constrs_1/imports/base/base.xdc:124]
Resolution: If [get_<value>] was used to populate the object, check to make sure this command returns at least one valid object.
WARNING: [Vivado 12-584] No ports matched 'Vaux13_v_n'. [C:/Xilinx/PYNQ/boards/Pynq-Z1/base/InfoProc-Lab-3/myproj/project_1.srcs/constrs_1/imports/base/base.xdc:125]
CRITICAL WARNING: [Common 17-55] 'set_property' expects at least one object. [C:/Xilinx/PYNQ/boards/Pynq-Z1/base/InfoProc-Lab-3/myproj/project_1.srcs/constrs_1/imports/base/base.xdc:125]
Resolution: If [get_<value>] was used to populate the object, check to make sure this command returns at least one valid object.
WARNING: [Vivado 12-584] No ports matched 'Vaux13_v_p'. [C:/Xilinx/PYNQ/boards/Pynq-Z1/base/InfoProc-Lab-3/myproj/project_1.srcs/constrs_1/imports/base/base.xdc:126]
CRITICAL WARNING: [Common 17-55] 'set_property' expects at least one object. [C:/Xilinx/PYNQ/boards/Pynq-Z1/base/InfoProc-Lab-3/myproj/project_1.srcs/constrs_1/imports/base/base.xdc:126]
Resolution: If [get_<value>] was used to populate the object, check to make sure this command returns at least one valid object.
WARNING: [Vivado 12-584] No ports matched 'ck_gpio_tri_io[0]'. [C:/Xilinx/PYNQ/boards/Pynq-Z1/base/InfoProc-Lab-3/myproj/project_1.srcs/constrs_1/imports/base/base.xdc:129]
CRITICAL WARNING: [Common 17-55] 'set_property' expects at least one object. [C:/Xilinx/PYNQ/boards/Pynq-Z1/base/InfoProc-Lab-3/myproj/project_1.srcs/constrs_1/imports/base/base.xdc:129]
Resolution: If [get_<value>] was used to populate the object, check to make sure this command returns at least one valid object.
WARNING: [Vivado 12-584] No ports matched 'ck_gpio_tri_io[1]'. [C:/Xilinx/PYNQ/boards/Pynq-Z1/base/InfoProc-Lab-3/myproj/project_1.srcs/constrs_1/imports/base/base.xdc:130]
CRITICAL WARNING: [Common 17-55] 'set_property' expects at least one object. [C:/Xilinx/PYNQ/boards/Pynq-Z1/base/InfoProc-Lab-3/myproj/project_1.srcs/constrs_1/imports/base/base.xdc:130]
Resolution: If [get_<value>] was used to populate the object, check to make sure this command returns at least one valid object.
WARNING: [Vivado 12-584] No ports matched 'ck_gpio_tri_io[2]'. [C:/Xilinx/PYNQ/boards/Pynq-Z1/base/InfoProc-Lab-3/myproj/project_1.srcs/constrs_1/imports/base/base.xdc:131]
INFO: [Common 17-14] Message 'Vivado 12-584' appears 100 times and further instances of the messages will be disabled. Use the Tcl command set_msg_config to change the current settings. [C:/Xilinx/PYNQ/boards/Pynq-Z1/base/InfoProc-Lab-3/myproj/project_1.srcs/constrs_1/imports/base/base.xdc:131]
CRITICAL WARNING: [Common 17-55] 'set_property' expects at least one object. [C:/Xilinx/PYNQ/boards/Pynq-Z1/base/InfoProc-Lab-3/myproj/project_1.srcs/constrs_1/imports/base/base.xdc:131]
Resolution: If [get_<value>] was used to populate the object, check to make sure this command returns at least one valid object.
CRITICAL WARNING: [Common 17-55] 'set_property' expects at least one object. [C:/Xilinx/PYNQ/boards/Pynq-Z1/base/InfoProc-Lab-3/myproj/project_1.srcs/constrs_1/imports/base/base.xdc:132]
Resolution: If [get_<value>] was used to populate the object, check to make sure this command returns at least one valid object.
INFO: [Common 17-14] Message 'Common 17-55' appears 100 times and further instances of the messages will be disabled. Use the Tcl command set_msg_config to change the current settings. [C:/Xilinx/PYNQ/boards/Pynq-Z1/base/InfoProc-Lab-3/myproj/project_1.srcs/constrs_1/imports/base/base.xdc:132]
Finished Parsing XDC File [C:/Xilinx/PYNQ/boards/Pynq-Z1/base/InfoProc-Lab-3/myproj/project_1.srcs/constrs_1/imports/base/base.xdc]
Parsing XDC File [c:/Xilinx/PYNQ/boards/Pynq-Z1/base/InfoProc-Lab-3/myproj/project_1.gen/sources_1/bd/base/ip/base_auto_cc_0/base_auto_cc_0_clocks.xdc] for cell 'base_i/ps7_0_axi_periph/s01_couplers/auto_cc/inst'
INFO: [Timing 38-35] Done setting XDC timing constraints. [c:/Xilinx/PYNQ/boards/Pynq-Z1/base/InfoProc-Lab-3/myproj/project_1.gen/sources_1/bd/base/ip/base_auto_cc_0/base_auto_cc_0_clocks.xdc:16]
Finished Parsing XDC File [c:/Xilinx/PYNQ/boards/Pynq-Z1/base/InfoProc-Lab-3/myproj/project_1.gen/sources_1/bd/base/ip/base_auto_cc_0/base_auto_cc_0_clocks.xdc] for cell 'base_i/ps7_0_axi_periph/s01_couplers/auto_cc/inst'
INFO: [Project 1-1715] 3 XPM XDC files have been applied to the design.
INFO: [Opt 31-138] Pushed 0 inverter(s) to 0 load pin(s).
Netlist sorting complete. Time (s): cpu = 00:00:00 ; elapsed = 00:00:00.004 . Memory (MB): peak = 1698.824 ; gain = 0.000
INFO: [Project 1-111] Unisim Transformation Summary:
  A total of 316 instances were transformed.
  CFGLUT5 => CFGLUT5 (SRL16E, SRLC32E): 272 instances
  RAM32M => RAM32M (RAMD32(x6), RAMS32(x2)): 44 instances

29 Infos, 101 Warnings, 101 Critical Warnings and 0 Errors encountered.
link_design completed successfully
link_design: Time (s): cpu = 00:00:14 ; elapsed = 00:00:17 . Memory (MB): peak = 1698.824 ; gain = 589.793
Command: opt_design
Attempting to get a license for feature 'Implementation' and/or device 'xc7z020'
INFO: [Common 17-349] Got license for feature 'Implementation' and/or device 'xc7z020'
Running DRC as a precondition to command opt_design

Starting DRC Task
INFO: [DRC 23-27] Running DRC with 2 threads
INFO: [Project 1-461] DRC finished with 0 Errors
INFO: [Project 1-462] Please refer to the DRC report (report_drc) for more information.

Time (s): cpu = 00:00:01 ; elapsed = 00:00:00.649 . Memory (MB): peak = 1698.824 ; gain = 0.000

Starting Cache Timing Information Task
INFO: [Timing 38-35] Done setting XDC timing constraints.
Ending Cache Timing Information Task | Checksum: 1d7e2f7b1

Time (s): cpu = 00:00:00 ; elapsed = 00:00:00.274 . Memory (MB): peak = 1698.824 ; gain = 0.000

Starting Logic Optimization Task

Phase 1 Generate And Synthesize Debug Cores
INFO: [Chipscope 16-329] Generating Script for core instance : dbg_hub 
INFO: [IP_Flow 19-3806] Processing IP xilinx.com:ip:xsdbm:3.0 for cell dbg_hub_CV.
INFO: [Chipscope 16-469] Using cached IP synthesis design for IP xilinx.com:ip:xsdbm:3.0, cache-ID = f83900a7de4d5aea.
CRITICAL WARNING: [Common 17-55] 'get_property' expects at least one object. [c:/Xilinx/PYNQ/boards/Pynq-Z1/base/InfoProc-Lab-3/myproj/project_1.runs/impl_1/.Xil/Vivado-33604-NH/dbg_hub_CV.0/out/xsdbm_cc_late_late.xdc:10]
Resolution: If [get_<value>] was used to populate the object, check to make sure this command returns at least one valid object.
CRITICAL WARNING: [Common 17-1548] Command failed: can't read "wr_clk_period": no such variable
 [c:/Xilinx/PYNQ/boards/Pynq-Z1/base/InfoProc-Lab-3/myproj/project_1.runs/impl_1/.Xil/Vivado-33604-NH/dbg_hub_CV.0/out/xsdbm_cc_late_late.xdc:12]
CRITICAL WARNING: [Common 17-1548] Command failed: can't read "skew_value": no such variable
 [c:/Xilinx/PYNQ/boards/Pynq-Z1/base/InfoProc-Lab-3/myproj/project_1.runs/impl_1/.Xil/Vivado-33604-NH/dbg_hub_CV.0/out/xsdbm_cc_late_late.xdc:17]
CRITICAL WARNING: [Common 17-55] 'get_property' expects at least one object. [c:/Xilinx/PYNQ/boards/Pynq-Z1/base/InfoProc-Lab-3/myproj/project_1.runs/impl_1/.Xil/Vivado-33604-NH/dbg_hub_CV.0/out/xsdbm_cc_late_late.xdc:19]
Resolution: If [get_<value>] was used to populate the object, check to make sure this command returns at least one valid object.
CRITICAL WARNING: [Common 17-1548] Command failed: can't read "skew_value": no such variable
 [c:/Xilinx/PYNQ/boards/Pynq-Z1/base/InfoProc-Lab-3/myproj/project_1.runs/impl_1/.Xil/Vivado-33604-NH/dbg_hub_CV.0/out/xsdbm_cc_late_late.xdc:20]
CRITICAL WARNING: [Common 17-55] 'get_property' expects at least one object. [c:/Xilinx/PYNQ/boards/Pynq-Z1/base/InfoProc-Lab-3/myproj/project_1.runs/impl_1/.Xil/Vivado-33604-NH/dbg_hub_CV.0/out/xsdbm_cc_late_late.xdc:24]
Resolution: If [get_<value>] was used to populate the object, check to make sure this command returns at least one valid object.
CRITICAL WARNING: [Common 17-1548] Command failed: can't read "rd_clk_period_2": no such variable
 [c:/Xilinx/PYNQ/boards/Pynq-Z1/base/InfoProc-Lab-3/myproj/project_1.runs/impl_1/.Xil/Vivado-33604-NH/dbg_hub_CV.0/out/xsdbm_cc_late_late.xdc:25]
CRITICAL WARNING: [Common 17-55] 'get_property' expects at least one object. [c:/Xilinx/PYNQ/boards/Pynq-Z1/base/InfoProc-Lab-3/myproj/project_1.runs/impl_1/.Xil/Vivado-33604-NH/dbg_hub_CV.0/out/xsdbm_cc_late_late.xdc:32]
Resolution: If [get_<value>] was used to populate the object, check to make sure this command returns at least one valid object.
CRITICAL WARNING: [Common 17-1548] Command failed: can't read "skew_value_2": no such variable
 [c:/Xilinx/PYNQ/boards/Pynq-Z1/base/InfoProc-Lab-3/myproj/project_1.runs/impl_1/.Xil/Vivado-33604-NH/dbg_hub_CV.0/out/xsdbm_cc_late_late.xdc:33]
CRITICAL WARNING: [Common 17-1548] Command failed: can't read "skew_value_2": no such variable
 [c:/Xilinx/PYNQ/boards/Pynq-Z1/base/InfoProc-Lab-3/myproj/project_1.runs/impl_1/.Xil/Vivado-33604-NH/dbg_hub_CV.0/out/xsdbm_cc_late_late.xdc:36]
Netlist sorting complete. Time (s): cpu = 00:00:01 ; elapsed = 00:00:00.017 . Memory (MB): peak = 1948.379 ; gain = 0.000
Phase 1 Generate And Synthesize Debug Cores | Checksum: 15a7e9cfd

Time (s): cpu = 00:00:02 ; elapsed = 00:00:14 . Memory (MB): peak = 1948.379 ; gain = 45.219

Phase 2 Retarget
INFO: [Opt 31-138] Pushed 0 inverter(s) to 0 load pin(s).
INFO: [Opt 31-49] Retargeted 0 cell(s).
Phase 2 Retarget | Checksum: 159846919

Time (s): cpu = 00:00:02 ; elapsed = 00:00:14 . Memory (MB): peak = 1948.379 ; gain = 45.219
INFO: [Opt 31-389] Phase Retarget created 52 cells and removed 117 cells
INFO: [Opt 31-1021] In phase Retarget, 101 netlist objects are constrained preventing optimization. Please run opt_design with -debug_log to get more detail. 

Phase 3 Constant propagation
INFO: [Opt 31-138] Pushed 0 inverter(s) to 0 load pin(s).
Phase 3 Constant propagation | Checksum: e234a66b

Time (s): cpu = 00:00:02 ; elapsed = 00:00:14 . Memory (MB): peak = 1948.379 ; gain = 45.219
INFO: [Opt 31-389] Phase Constant propagation created 0 cells and removed 20 cells
INFO: [Opt 31-1021] In phase Constant propagation, 81 netlist objects are constrained preventing optimization. Please run opt_design with -debug_log to get more detail. 

Phase 4 Sweep
Phase 4 Sweep | Checksum: 138d9464c

Time (s): cpu = 00:00:02 ; elapsed = 00:00:15 . Memory (MB): peak = 1948.379 ; gain = 45.219
INFO: [Opt 31-389] Phase Sweep created 0 cells and removed 396 cells
INFO: [Opt 31-1021] In phase Sweep, 1064 netlist objects are constrained preventing optimization. Please run opt_design with -debug_log to get more detail. 

Phase 5 BUFG optimization
INFO: [Opt 31-194] Inserted BUFG base_i/pdm_microphone_0/inst/pdm_clk_gen_i/mic_clk_BUFG_inst to drive 4728 load(s) on clock net base_i/pdm_microphone_0/inst/pdm_clk_gen_i/mic_clk_BUFG
INFO: [Opt 31-193] Inserted 1 BUFG(s) on clock nets
Phase 5 BUFG optimization | Checksum: 15cd2a229

Time (s): cpu = 00:00:03 ; elapsed = 00:00:15 . Memory (MB): peak = 1948.379 ; gain = 45.219
INFO: [Opt 31-662] Phase BUFG optimization created 1 cells of which 1 are BUFGs and removed 0 cells.

Phase 6 Shift Register Optimization
INFO: [Opt 31-1064] SRL Remap converted 0 SRLs to 0 registers and converted 0 registers of register chains to 0 SRLs
Phase 6 Shift Register Optimization | Checksum: 15cd2a229

Time (s): cpu = 00:00:03 ; elapsed = 00:00:15 . Memory (MB): peak = 1948.379 ; gain = 45.219
INFO: [Opt 31-389] Phase Shift Register Optimization created 0 cells and removed 0 cells

Phase 7 Post Processing Netlist
Phase 7 Post Processing Netlist | Checksum: 15cd2a229

Time (s): cpu = 00:00:03 ; elapsed = 00:00:15 . Memory (MB): peak = 1948.379 ; gain = 45.219
INFO: [Opt 31-389] Phase Post Processing Netlist created 0 cells and removed 0 cells
INFO: [Opt 31-1021] In phase Post Processing Netlist, 106 netlist objects are constrained preventing optimization. Please run opt_design with -debug_log to get more detail. 
Opt_design Change Summary
=========================


-------------------------------------------------------------------------------------------------------------------------
|  Phase                        |  #Cells created  |  #Cells Removed  |  #Constrained objects preventing optimizations  |
-------------------------------------------------------------------------------------------------------------------------
|  Retarget                     |              52  |             117  |                                            101  |
|  Constant propagation         |               0  |              20  |                                             81  |
|  Sweep                        |               0  |             396  |                                           1064  |
|  BUFG optimization            |               1  |               0  |                                              0  |
|  Shift Register Optimization  |               0  |               0  |                                              0  |
|  Post Processing Netlist      |               0  |               0  |                                            106  |
-------------------------------------------------------------------------------------------------------------------------



Starting Connectivity Check Task

Time (s): cpu = 00:00:00 ; elapsed = 00:00:00.017 . Memory (MB): peak = 1948.379 ; gain = 0.000
Ending Logic Optimization Task | Checksum: b4843f35

Time (s): cpu = 00:00:03 ; elapsed = 00:00:15 . Memory (MB): peak = 1948.379 ; gain = 45.219

Starting Power Optimization Task
INFO: [Pwropt 34-132] Skipping clock gating for clocks with a period < 2.00 ns.
INFO: [Pwropt 34-9] Applying IDT optimizations ...
INFO: [Pwropt 34-10] Applying ODC optimizations ...
INFO: [Timing 38-35] Done setting XDC timing constraints.
Running Vector-less Activity Propagation...

Finished Running Vector-less Activity Propagation


Starting PowerOpt Patch Enables Task
INFO: [Pwropt 34-162] WRITE_MODE attribute of 2 BRAM(s) out of a total of 8 has been updated to save power. Run report_power_opt to get a complete listing of the BRAMs updated.
INFO: [Pwropt 34-201] Structural ODC has moved 0 WE to EN ports
Number of BRAM Ports augmented: 6 newly gated: 0 Total Ports: 16
Ending PowerOpt Patch Enables Task | Checksum: 8865861c

Time (s): cpu = 00:00:00 ; elapsed = 00:00:00.055 . Memory (MB): peak = 2089.129 ; gain = 0.000
Ending Power Optimization Task | Checksum: 8865861c

Time (s): cpu = 00:00:03 ; elapsed = 00:00:02 . Memory (MB): peak = 2089.129 ; gain = 140.750

Starting Final Cleanup Task
Ending Final Cleanup Task | Checksum: 8865861c

Time (s): cpu = 00:00:00 ; elapsed = 00:00:00 . Memory (MB): peak = 2089.129 ; gain = 0.000

Starting Netlist Obfuscation Task
Netlist sorting complete. Time (s): cpu = 00:00:00 ; elapsed = 00:00:00.005 . Memory (MB): peak = 2089.129 ; gain = 0.000
Ending Netlist Obfuscation Task | Checksum: 54a93d04

Time (s): cpu = 00:00:00 ; elapsed = 00:00:00.005 . Memory (MB): peak = 2089.129 ; gain = 0.000
INFO: [Common 17-83] Releasing license: Implementation
66 Infos, 103 Warnings, 111 Critical Warnings and 0 Errors encountered.
opt_design completed successfully
opt_design: Time (s): cpu = 00:00:08 ; elapsed = 00:00:19 . Memory (MB): peak = 2089.129 ; gain = 390.305
INFO: [Timing 38-35] Done setting XDC timing constraints.
INFO: [Timing 38-480] Writing timing data to binary archive.
Writing placer database...
Writing XDEF routing.
Writing XDEF routing logical nets.
Writing XDEF routing special nets.
Write XDEF Complete: Time (s): cpu = 00:00:01 ; elapsed = 00:00:00.033 . Memory (MB): peak = 2089.129 ; gain = 0.000
INFO: [Common 17-1381] The checkpoint 'C:/Xilinx/PYNQ/boards/Pynq-Z1/base/InfoProc-Lab-3/myproj/project_1.runs/impl_1/base_wrapper_opt.dcp' has been generated.
INFO: [runtcl-4] Executing : report_drc -file base_wrapper_drc_opted.rpt -pb base_wrapper_drc_opted.pb -rpx base_wrapper_drc_opted.rpx
Command: report_drc -file base_wrapper_drc_opted.rpt -pb base_wrapper_drc_opted.pb -rpx base_wrapper_drc_opted.rpx
INFO: [IP_Flow 19-1839] IP Catalog is up to date.
INFO: [DRC 23-27] Running DRC with 2 threads
INFO: [Coretcl 2-168] The results of DRC are in file C:/Xilinx/PYNQ/boards/Pynq-Z1/base/InfoProc-Lab-3/myproj/project_1.runs/impl_1/base_wrapper_drc_opted.rpt.
report_drc completed successfully
INFO: [Chipscope 16-240] Debug cores have already been implemented
Command: place_design
Attempting to get a license for feature 'Implementation' and/or device 'xc7z020'
INFO: [Common 17-349] Got license for feature 'Implementation' and/or device 'xc7z020'
INFO: [DRC 23-27] Running DRC with 2 threads
INFO: [Vivado_Tcl 4-198] DRC finished with 0 Errors
INFO: [Vivado_Tcl 4-199] Please refer to the DRC report (report_drc) for more information.
Running DRC as a precondition to command place_design
INFO: [DRC 23-27] Running DRC with 2 threads
INFO: [Vivado_Tcl 4-198] DRC finished with 0 Errors
INFO: [Vivado_Tcl 4-199] Please refer to the DRC report (report_drc) for more information.

Starting Placer Task
INFO: [Place 30-611] Multithreading enabled for place_design using a maximum of 2 CPUs

Phase 1 Placer Initialization

Phase 1.1 Placer Initialization Netlist Sorting
Netlist sorting complete. Time (s): cpu = 00:00:00 ; elapsed = 00:00:00.004 . Memory (MB): peak = 2089.129 ; gain = 0.000
Phase 1.1 Placer Initialization Netlist Sorting | Checksum: 14abf309

Time (s): cpu = 00:00:00 ; elapsed = 00:00:00.010 . Memory (MB): peak = 2089.129 ; gain = 0.000
Netlist sorting complete. Time (s): cpu = 00:00:00 ; elapsed = 00:00:00.004 . Memory (MB): peak = 2089.129 ; gain = 0.000

Phase 1.2 IO Placement/ Clock Placement/ Build Placer Device
Phase 1.2 IO Placement/ Clock Placement/ Build Placer Device | Checksum: 10223635e

Time (s): cpu = 00:00:01 ; elapsed = 00:00:00.585 . Memory (MB): peak = 2089.129 ; gain = 0.000

Phase 1.3 Build Placer Netlist Model
Phase 1.3 Build Placer Netlist Model | Checksum: 2625906f1

Time (s): cpu = 00:00:02 ; elapsed = 00:00:02 . Memory (MB): peak = 2089.129 ; gain = 0.000

Phase 1.4 Constrain Clocks/Macros
Phase 1.4 Constrain Clocks/Macros | Checksum: 2625906f1

Time (s): cpu = 00:00:02 ; elapsed = 00:00:02 . Memory (MB): peak = 2089.129 ; gain = 0.000
Phase 1 Placer Initialization | Checksum: 2625906f1

Time (s): cpu = 00:00:02 ; elapsed = 00:00:02 . Memory (MB): peak = 2089.129 ; gain = 0.000

Phase 2 Global Placement

Phase 2.1 Floorplanning
Phase 2.1 Floorplanning | Checksum: 29585923f

Time (s): cpu = 00:00:03 ; elapsed = 00:00:02 . Memory (MB): peak = 2089.129 ; gain = 0.000

Phase 2.2 Update Timing before SLR Path Opt
Phase 2.2 Update Timing before SLR Path Opt | Checksum: 297eac81b

Time (s): cpu = 00:00:03 ; elapsed = 00:00:02 . Memory (MB): peak = 2089.129 ; gain = 0.000

Phase 2.3 Global Placement Core

Phase 2.3.1 Physical Synthesis In Placer
INFO: [Physopt 32-1035] Found 0 LUTNM shape to break, 290 LUT instances to create LUTNM shape
INFO: [Physopt 32-1044] Break lutnm for timing: one critical 0, two critical 0, total 0, new lutff created 0
INFO: [Physopt 32-775] End 1 Pass. Optimized 132 nets or cells. Created 0 new cell, deleted 132 existing cells and moved 0 existing cell
INFO: [Physopt 32-65] No nets found for high-fanout optimization.
INFO: [Physopt 32-232] Optimized 0 net. Created 0 new instance.
INFO: [Physopt 32-775] End 1 Pass. Optimized 0 net or cell. Created 0 new cell, deleted 0 existing cell and moved 0 existing cell
INFO: [Physopt 32-670] No setup violation found.  DSP Register Optimization was not performed.
INFO: [Physopt 32-670] No setup violation found.  Shift Register to Pipeline Optimization was not performed.
INFO: [Physopt 32-670] No setup violation found.  Shift Register Optimization was not performed.
INFO: [Physopt 32-670] No setup violation found.  BRAM Register Optimization was not performed.
INFO: [Physopt 32-670] No setup violation found.  URAM Register Optimization was not performed.
INFO: [Physopt 32-949] No candidate nets found for dynamic/static region interface net replication
INFO: [Physopt 32-775] End 1 Pass. Optimized 0 net or cell. Created 0 new cell, deleted 0 existing cell and moved 0 existing cell
Netlist sorting complete. Time (s): cpu = 00:00:00 ; elapsed = 00:00:00.005 . Memory (MB): peak = 2089.129 ; gain = 0.000

Summary of Physical Synthesis Optimizations
============================================


-----------------------------------------------------------------------------------------------------------------------------------------------------------
|  Optimization                                     |  Added Cells  |  Removed Cells  |  Optimized Cells/Nets  |  Dont Touch  |  Iterations  |  Elapsed   |
-----------------------------------------------------------------------------------------------------------------------------------------------------------
|  LUT Combining                                    |            0  |            132  |                   132  |           0  |           1  |  00:00:00  |
|  Very High Fanout                                 |            0  |              0  |                     0  |           0  |           1  |  00:00:00  |
|  DSP Register                                     |            0  |              0  |                     0  |           0  |           0  |  00:00:00  |
|  Shift Register to Pipeline                       |            0  |              0  |                     0  |           0  |           0  |  00:00:00  |
|  Shift Register                                   |            0  |              0  |                     0  |           0  |           0  |  00:00:00  |
|  BRAM Register                                    |            0  |              0  |                     0  |           0  |           0  |  00:00:00  |
|  URAM Register                                    |            0  |              0  |                     0  |           0  |           0  |  00:00:00  |
|  Dynamic/Static Region Interface Net Replication  |            0  |              0  |                     0  |           0  |           1  |  00:00:00  |
|  Total                                            |            0  |            132  |                   132  |           0  |           3  |  00:00:00  |
-----------------------------------------------------------------------------------------------------------------------------------------------------------


Phase 2.3.1 Physical Synthesis In Placer | Checksum: 19195e42c

Time (s): cpu = 00:00:08 ; elapsed = 00:00:05 . Memory (MB): peak = 2089.129 ; gain = 0.000
Phase 2.3 Global Placement Core | Checksum: 15878ed4d

Time (s): cpu = 00:00:09 ; elapsed = 00:00:06 . Memory (MB): peak = 2089.129 ; gain = 0.000
Phase 2 Global Placement | Checksum: 15878ed4d

Time (s): cpu = 00:00:09 ; elapsed = 00:00:06 . Memory (MB): peak = 2089.129 ; gain = 0.000

Phase 3 Detail Placement

Phase 3.1 Commit Multi Column Macros
Phase 3.1 Commit Multi Column Macros | Checksum: 173af4b52

Time (s): cpu = 00:00:09 ; elapsed = 00:00:06 . Memory (MB): peak = 2089.129 ; gain = 0.000

Phase 3.2 Commit Most Macros & LUTRAMs
Phase 3.2 Commit Most Macros & LUTRAMs | Checksum: 1cc83fdb4

Time (s): cpu = 00:00:10 ; elapsed = 00:00:06 . Memory (MB): peak = 2089.129 ; gain = 0.000

Phase 3.3 Area Swap Optimization
Phase 3.3 Area Swap Optimization | Checksum: 22b702124

Time (s): cpu = 00:00:10 ; elapsed = 00:00:06 . Memory (MB): peak = 2089.129 ; gain = 0.000

Phase 3.4 Pipeline Register Optimization
Phase 3.4 Pipeline Register Optimization | Checksum: 1c3585981

Time (s): cpu = 00:00:10 ; elapsed = 00:00:06 . Memory (MB): peak = 2089.129 ; gain = 0.000

Phase 3.5 Small Shape Detail Placement
Phase 3.5 Small Shape Detail Placement | Checksum: 1ae940cc5

Time (s): cpu = 00:00:12 ; elapsed = 00:00:08 . Memory (MB): peak = 2089.129 ; gain = 0.000

Phase 3.6 Re-assign LUT pins
Phase 3.6 Re-assign LUT pins | Checksum: 1f9160237

Time (s): cpu = 00:00:12 ; elapsed = 00:00:09 . Memory (MB): peak = 2089.129 ; gain = 0.000

Phase 3.7 Pipeline Register Optimization
Phase 3.7 Pipeline Register Optimization | Checksum: 1e37de9c9

Time (s): cpu = 00:00:12 ; elapsed = 00:00:09 . Memory (MB): peak = 2089.129 ; gain = 0.000
Phase 3 Detail Placement | Checksum: 1e37de9c9

Time (s): cpu = 00:00:12 ; elapsed = 00:00:09 . Memory (MB): peak = 2089.129 ; gain = 0.000

Phase 4 Post Placement Optimization and Clean-Up

Phase 4.1 Post Commit Optimization
INFO: [Timing 38-35] Done setting XDC timing constraints.

Phase 4.1.1 Post Placement Optimization
Post Placement Optimization Initialization | Checksum: f903acc9

Phase 4.1.1.1 BUFG Insertion

Starting Physical Synthesis Task

Phase 1 Physical Synthesis Initialization
INFO: [Physopt 32-721] Multithreading enabled for phys_opt_design using a maximum of 2 CPUs
INFO: [Physopt 32-619] Estimated Timing Summary | WNS=3.649 | TNS=0.000 |
Phase 1 Physical Synthesis Initialization | Checksum: dac8ee67

Time (s): cpu = 00:00:00 ; elapsed = 00:00:00.215 . Memory (MB): peak = 2089.129 ; gain = 0.000
INFO: [Place 46-56] BUFG insertion identified 0 candidate nets. Inserted BUFG: 0, Replicated BUFG Driver: 0, Skipped due to Placement/Routing Conflicts: 0, Skipped due to Timing Degradation: 0, Skipped due to Illegal Netlist: 0.
Ending Physical Synthesis Task | Checksum: e4a1d185

Time (s): cpu = 00:00:00 ; elapsed = 00:00:00.237 . Memory (MB): peak = 2089.129 ; gain = 0.000
Phase 4.1.1.1 BUFG Insertion | Checksum: f903acc9

Time (s): cpu = 00:00:14 ; elapsed = 00:00:10 . Memory (MB): peak = 2089.129 ; gain = 0.000
INFO: [Place 30-746] Post Placement Timing Summary WNS=3.649. For the most accurate timing information please run report_timing.

Time (s): cpu = 00:00:14 ; elapsed = 00:00:10 . Memory (MB): peak = 2089.129 ; gain = 0.000
Phase 4.1 Post Commit Optimization | Checksum: 13cceb32c

Time (s): cpu = 00:00:14 ; elapsed = 00:00:10 . Memory (MB): peak = 2089.129 ; gain = 0.000

Phase 4.2 Post Placement Cleanup
Phase 4.2 Post Placement Cleanup | Checksum: 13cceb32c

Time (s): cpu = 00:00:14 ; elapsed = 00:00:10 . Memory (MB): peak = 2089.129 ; gain = 0.000

Phase 4.3 Placer Reporting

Phase 4.3.1 Print Estimated Congestion
INFO: [Place 30-612] Post-Placement Estimated Congestion 
 ____________________________________________________
|           | Global Congestion | Short Congestion  |
| Direction | Region Size       | Region Size       |
|___________|___________________|___________________|
|      North|                1x1|                2x2|
|___________|___________________|___________________|
|      South|                1x1|                2x2|
|___________|___________________|___________________|
|       East|                1x1|                1x1|
|___________|___________________|___________________|
|       West|                1x1|                1x1|
|___________|___________________|___________________|

Phase 4.3.1 Print Estimated Congestion | Checksum: 13cceb32c

Time (s): cpu = 00:00:14 ; elapsed = 00:00:10 . Memory (MB): peak = 2089.129 ; gain = 0.000
Phase 4.3 Placer Reporting | Checksum: 13cceb32c

Time (s): cpu = 00:00:15 ; elapsed = 00:00:10 . Memory (MB): peak = 2089.129 ; gain = 0.000

Phase 4.4 Final Placement Cleanup
Netlist sorting complete. Time (s): cpu = 00:00:00 ; elapsed = 00:00:00.004 . Memory (MB): peak = 2089.129 ; gain = 0.000

Time (s): cpu = 00:00:15 ; elapsed = 00:00:10 . Memory (MB): peak = 2089.129 ; gain = 0.000
Phase 4 Post Placement Optimization and Clean-Up | Checksum: 19b8ceda1

Time (s): cpu = 00:00:15 ; elapsed = 00:00:10 . Memory (MB): peak = 2089.129 ; gain = 0.000
Ending Placer Task | Checksum: 10362c1ff

Time (s): cpu = 00:00:15 ; elapsed = 00:00:10 . Memory (MB): peak = 2089.129 ; gain = 0.000
INFO: [Common 17-83] Releasing license: Implementation
102 Infos, 103 Warnings, 111 Critical Warnings and 0 Errors encountered.
place_design completed successfully
place_design: Time (s): cpu = 00:00:17 ; elapsed = 00:00:11 . Memory (MB): peak = 2089.129 ; gain = 0.000
INFO: [Timing 38-480] Writing timing data to binary archive.
Writing placer database...
Writing XDEF routing.
Writing XDEF routing logical nets.
Writing XDEF routing special nets.
Write XDEF Complete: Time (s): cpu = 00:00:01 ; elapsed = 00:00:00.561 . Memory (MB): peak = 2089.129 ; gain = 0.000
INFO: [Common 17-1381] The checkpoint 'C:/Xilinx/PYNQ/boards/Pynq-Z1/base/InfoProc-Lab-3/myproj/project_1.runs/impl_1/base_wrapper_placed.dcp' has been generated.
INFO: [runtcl-4] Executing : report_io -file base_wrapper_io_placed.rpt
report_io: Time (s): cpu = 00:00:00 ; elapsed = 00:00:00.027 . Memory (MB): peak = 2089.129 ; gain = 0.000
INFO: [runtcl-4] Executing : report_utilization -file base_wrapper_utilization_placed.rpt -pb base_wrapper_utilization_placed.pb
INFO: [runtcl-4] Executing : report_control_sets -verbose -file base_wrapper_control_sets_placed.rpt
report_control_sets: Time (s): cpu = 00:00:00 ; elapsed = 00:00:00.031 . Memory (MB): peak = 2089.129 ; gain = 0.000
Command: phys_opt_design
Attempting to get a license for feature 'Implementation' and/or device 'xc7z020'
INFO: [Common 17-349] Got license for feature 'Implementation' and/or device 'xc7z020'
INFO: [Vivado_Tcl 4-383] Design worst setup slack (WNS) is greater than or equal to 0.000 ns. Skipping all physical synthesis optimizations.
INFO: [Vivado_Tcl 4-232] No setup violation found. The netlist was not modified.
INFO: [Common 17-83] Releasing license: Implementation
111 Infos, 103 Warnings, 111 Critical Warnings and 0 Errors encountered.
phys_opt_design completed successfully
INFO: [Timing 38-480] Writing timing data to binary archive.
Writing placer database...
Writing XDEF routing.
Writing XDEF routing logical nets.
Writing XDEF routing special nets.
Write XDEF Complete: Time (s): cpu = 00:00:02 ; elapsed = 00:00:00.558 . Memory (MB): peak = 2089.129 ; gain = 0.000
INFO: [Common 17-1381] The checkpoint 'C:/Xilinx/PYNQ/boards/Pynq-Z1/base/InfoProc-Lab-3/myproj/project_1.runs/impl_1/base_wrapper_physopt.dcp' has been generated.
Command: route_design
Attempting to get a license for feature 'Implementation' and/or device 'xc7z020'
INFO: [Common 17-349] Got license for feature 'Implementation' and/or device 'xc7z020'
Running DRC as a precondition to command route_design
INFO: [DRC 23-27] Running DRC with 2 threads
INFO: [Vivado_Tcl 4-198] DRC finished with 0 Errors
INFO: [Vivado_Tcl 4-199] Please refer to the DRC report (report_drc) for more information.


Starting Routing Task
INFO: [Route 35-254] Multithreading enabled for route_design using a maximum of 2 CPUs
Checksum: PlaceDB: 5e38085d ConstDB: 0 ShapeSum: a52ab9a2 RouteDB: 0

Phase 1 Build RT Design
Phase 1 Build RT Design | Checksum: 10bd982d1

Time (s): cpu = 00:00:13 ; elapsed = 00:00:10 . Memory (MB): peak = 2164.176 ; gain = 75.047
Post Restoration Checksum: NetGraph: f72b8989 NumContArr: 14adf948 Constraints: 0 Timing: 0

Phase 2 Router Initialization

Phase 2.1 Create Timer
Phase 2.1 Create Timer | Checksum: 10bd982d1

Time (s): cpu = 00:00:13 ; elapsed = 00:00:10 . Memory (MB): peak = 2164.195 ; gain = 75.066

Phase 2.2 Fix Topology Constraints
Phase 2.2 Fix Topology Constraints | Checksum: 10bd982d1

Time (s): cpu = 00:00:13 ; elapsed = 00:00:11 . Memory (MB): peak = 2171.203 ; gain = 82.074

Phase 2.3 Pre Route Cleanup
Phase 2.3 Pre Route Cleanup | Checksum: 10bd982d1

Time (s): cpu = 00:00:13 ; elapsed = 00:00:11 . Memory (MB): peak = 2171.203 ; gain = 82.074
 Number of Nodes with overlaps = 0

Phase 2.4 Update Timing
Phase 2.4 Update Timing | Checksum: 144b91d13

Time (s): cpu = 00:00:15 ; elapsed = 00:00:12 . Memory (MB): peak = 2195.754 ; gain = 106.625
INFO: [Route 35-416] Intermediate Timing Summary | WNS=3.568  | TNS=0.000  | WHS=-0.210 | THS=-116.834|


Phase 2.5 Update Timing for Bus Skew

Phase 2.5.1 Update Timing
Phase 2.5.1 Update Timing | Checksum: 1387b599f

Time (s): cpu = 00:00:17 ; elapsed = 00:00:13 . Memory (MB): peak = 2213.988 ; gain = 124.859
INFO: [Route 35-416] Intermediate Timing Summary | WNS=3.568  | TNS=0.000  | WHS=N/A    | THS=N/A    |

Phase 2.5 Update Timing for Bus Skew | Checksum: ac02eb71

Time (s): cpu = 00:00:17 ; elapsed = 00:00:13 . Memory (MB): peak = 2222.617 ; gain = 133.488
Phase 2 Router Initialization | Checksum: 17bec6557

Time (s): cpu = 00:00:17 ; elapsed = 00:00:13 . Memory (MB): peak = 2222.617 ; gain = 133.488

Router Utilization Summary
  Global Vertical Routing Utilization    = 0.00424562 %
  Global Horizontal Routing Utilization  = 0.000338066 %
  Routable Net Status*
  *Does not include unroutable nets such as driverless and loadless.
  Run report_route_status for detailed report.
  Number of Failed Nets               = 11292
    (Failed Nets is the sum of unrouted and partially routed nets)
  Number of Unrouted Nets             = 11292
  Number of Partially Routed Nets     = 0
  Number of Node Overlaps             = 0


Phase 3 Initial Routing

Phase 3.1 Global Routing
Phase 3.1 Global Routing | Checksum: 17bec6557

Time (s): cpu = 00:00:17 ; elapsed = 00:00:14 . Memory (MB): peak = 2222.617 ; gain = 133.488
Phase 3 Initial Routing | Checksum: 21e4512d5

Time (s): cpu = 00:00:18 ; elapsed = 00:00:14 . Memory (MB): peak = 2222.617 ; gain = 133.488

Phase 4 Rip-up And Reroute

Phase 4.1 Global Iteration 0
 Number of Nodes with overlaps = 573
 Number of Nodes with overlaps = 10
 Number of Nodes with overlaps = 1
 Number of Nodes with overlaps = 0
INFO: [Route 35-416] Intermediate Timing Summary | WNS=3.634  | TNS=0.000  | WHS=N/A    | THS=N/A    |

Phase 4.1 Global Iteration 0 | Checksum: 840d67e5

Time (s): cpu = 00:00:21 ; elapsed = 00:00:16 . Memory (MB): peak = 2222.617 ; gain = 133.488

Phase 4.2 Global Iteration 1
 Number of Nodes with overlaps = 0
INFO: [Route 35-416] Intermediate Timing Summary | WNS=3.634  | TNS=0.000  | WHS=N/A    | THS=N/A    |

Phase 4.2 Global Iteration 1 | Checksum: 1913cd81f

Time (s): cpu = 00:00:21 ; elapsed = 00:00:16 . Memory (MB): peak = 2222.617 ; gain = 133.488

Phase 4.3 Global Iteration 2
 Number of Nodes with overlaps = 1
 Number of Nodes with overlaps = 1
 Number of Nodes with overlaps = 0
INFO: [Route 35-416] Intermediate Timing Summary | WNS=3.634  | TNS=0.000  | WHS=N/A    | THS=N/A    |

Phase 4.3 Global Iteration 2 | Checksum: 26fe2468c

Time (s): cpu = 00:00:21 ; elapsed = 00:00:16 . Memory (MB): peak = 2222.617 ; gain = 133.488
Phase 4 Rip-up And Reroute | Checksum: 26fe2468c

Time (s): cpu = 00:00:21 ; elapsed = 00:00:16 . Memory (MB): peak = 2222.617 ; gain = 133.488

Phase 5 Delay and Skew Optimization

Phase 5.1 Delay CleanUp
Phase 5.1 Delay CleanUp | Checksum: 26fe2468c

Time (s): cpu = 00:00:21 ; elapsed = 00:00:16 . Memory (MB): peak = 2222.617 ; gain = 133.488

Phase 5.2 Clock Skew Optimization
Phase 5.2 Clock Skew Optimization | Checksum: 26fe2468c

Time (s): cpu = 00:00:21 ; elapsed = 00:00:16 . Memory (MB): peak = 2222.617 ; gain = 133.488
Phase 5 Delay and Skew Optimization | Checksum: 26fe2468c

Time (s): cpu = 00:00:21 ; elapsed = 00:00:16 . Memory (MB): peak = 2222.617 ; gain = 133.488

Phase 6 Post Hold Fix

Phase 6.1 Hold Fix Iter

Phase 6.1.1 Update Timing
Phase 6.1.1 Update Timing | Checksum: 191e10340

Time (s): cpu = 00:00:22 ; elapsed = 00:00:17 . Memory (MB): peak = 2222.617 ; gain = 133.488
INFO: [Route 35-416] Intermediate Timing Summary | WNS=3.800  | TNS=0.000  | WHS=0.033  | THS=0.000  |

Phase 6.1 Hold Fix Iter | Checksum: 2173814d8

Time (s): cpu = 00:00:22 ; elapsed = 00:00:17 . Memory (MB): peak = 2222.617 ; gain = 133.488
Phase 6 Post Hold Fix | Checksum: 2173814d8

Time (s): cpu = 00:00:22 ; elapsed = 00:00:17 . Memory (MB): peak = 2222.617 ; gain = 133.488

Phase 7 Route finalize

Router Utilization Summary
  Global Vertical Routing Utilization    = 1.81785 %
  Global Horizontal Routing Utilization  = 1.95749 %
  Routable Net Status*
  *Does not include unroutable nets such as driverless and loadless.
  Run report_route_status for detailed report.
  Number of Failed Nets               = 0
    (Failed Nets is the sum of unrouted and partially routed nets)
  Number of Unrouted Nets             = 0
  Number of Partially Routed Nets     = 0
  Number of Node Overlaps             = 0

Phase 7 Route finalize | Checksum: 2173814d8

Time (s): cpu = 00:00:22 ; elapsed = 00:00:17 . Memory (MB): peak = 2222.617 ; gain = 133.488

Phase 8 Verifying routed nets

 Verification completed successfully
Phase 8 Verifying routed nets | Checksum: 2173814d8

Time (s): cpu = 00:00:22 ; elapsed = 00:00:17 . Memory (MB): peak = 2222.617 ; gain = 133.488

Phase 9 Depositing Routes
Phase 9 Depositing Routes | Checksum: 1aa557e6b

Time (s): cpu = 00:00:22 ; elapsed = 00:00:17 . Memory (MB): peak = 2222.617 ; gain = 133.488

Phase 10 Post Router Timing
INFO: [Route 35-57] Estimated Timing Summary | WNS=3.800  | TNS=0.000  | WHS=0.033  | THS=0.000  |

INFO: [Route 35-327] The final timing numbers are based on the router estimated timing analysis. For a complete and accurate timing signoff, please run report_timing_summary.
Phase 10 Post Router Timing | Checksum: 1aa557e6b

Time (s): cpu = 00:00:22 ; elapsed = 00:00:17 . Memory (MB): peak = 2222.617 ; gain = 133.488
INFO: [Route 35-16] Router Completed Successfully

Time (s): cpu = 00:00:22 ; elapsed = 00:00:17 . Memory (MB): peak = 2222.617 ; gain = 133.488

Routing Is Done.
INFO: [Common 17-83] Releasing license: Implementation
128 Infos, 103 Warnings, 111 Critical Warnings and 0 Errors encountered.
route_design completed successfully
route_design: Time (s): cpu = 00:00:25 ; elapsed = 00:00:19 . Memory (MB): peak = 2222.617 ; gain = 133.488
INFO: [Timing 38-480] Writing timing data to binary archive.
Writing placer database...
Writing XDEF routing.
Writing XDEF routing logical nets.
Writing XDEF routing special nets.
Write XDEF Complete: Time (s): cpu = 00:00:02 ; elapsed = 00:00:00.717 . Memory (MB): peak = 2231.699 ; gain = 9.082
INFO: [Common 17-1381] The checkpoint 'C:/Xilinx/PYNQ/boards/Pynq-Z1/base/InfoProc-Lab-3/myproj/project_1.runs/impl_1/base_wrapper_routed.dcp' has been generated.
INFO: [runtcl-4] Executing : report_drc -file base_wrapper_drc_routed.rpt -pb base_wrapper_drc_routed.pb -rpx base_wrapper_drc_routed.rpx
Command: report_drc -file base_wrapper_drc_routed.rpt -pb base_wrapper_drc_routed.pb -rpx base_wrapper_drc_routed.rpx
INFO: [IP_Flow 19-1839] IP Catalog is up to date.
INFO: [DRC 23-27] Running DRC with 2 threads
INFO: [Coretcl 2-168] The results of DRC are in file C:/Xilinx/PYNQ/boards/Pynq-Z1/base/InfoProc-Lab-3/myproj/project_1.runs/impl_1/base_wrapper_drc_routed.rpt.
report_drc completed successfully
INFO: [runtcl-4] Executing : report_methodology -file base_wrapper_methodology_drc_routed.rpt -pb base_wrapper_methodology_drc_routed.pb -rpx base_wrapper_methodology_drc_routed.rpx
Command: report_methodology -file base_wrapper_methodology_drc_routed.rpt -pb base_wrapper_methodology_drc_routed.pb -rpx base_wrapper_methodology_drc_routed.rpx
INFO: [Timing 38-35] Done setting XDC timing constraints.
INFO: [DRC 23-133] Running Methodology with 2 threads
INFO: [Coretcl 2-1520] The results of Report Methodology are in file C:/Xilinx/PYNQ/boards/Pynq-Z1/base/InfoProc-Lab-3/myproj/project_1.runs/impl_1/base_wrapper_methodology_drc_routed.rpt.
report_methodology completed successfully
INFO: [runtcl-4] Executing : report_power -file base_wrapper_power_routed.rpt -pb base_wrapper_power_summary_routed.pb -rpx base_wrapper_power_routed.rpx
Command: report_power -file base_wrapper_power_routed.rpt -pb base_wrapper_power_summary_routed.pb -rpx base_wrapper_power_routed.rpx
INFO: [Timing 38-35] Done setting XDC timing constraints.
Running Vector-less Activity Propagation...

Finished Running Vector-less Activity Propagation
140 Infos, 103 Warnings, 111 Critical Warnings and 0 Errors encountered.
report_power completed successfully
INFO: [runtcl-4] Executing : report_route_status -file base_wrapper_route_status.rpt -pb base_wrapper_route_status.pb
INFO: [runtcl-4] Executing : report_timing_summary -max_paths 10 -file base_wrapper_timing_summary_routed.rpt -pb base_wrapper_timing_summary_routed.pb -rpx base_wrapper_timing_summary_routed.rpx -warn_on_violation 
INFO: [Timing 38-91] UpdateTimingParams: Speed grade: -1, Delay Type: min_max.
INFO: [Timing 38-191] Multithreading enabled for timing update using a maximum of 2 CPUs
WARNING: [Timing 38-436] There are set_bus_skew constraint(s) in this design. Please run report_bus_skew to ensure that bus skew requirements are met.
INFO: [runtcl-4] Executing : report_incremental_reuse -file base_wrapper_incremental_reuse_routed.rpt
INFO: [Vivado_Tcl 4-1062] Incremental flow is disabled. No incremental reuse Info to report.
INFO: [runtcl-4] Executing : report_clock_utilization -file base_wrapper_clock_utilization_routed.rpt
INFO: [runtcl-4] Executing : report_bus_skew -warn_on_violation -file base_wrapper_bus_skew_routed.rpt -pb base_wrapper_bus_skew_routed.pb -rpx base_wrapper_bus_skew_routed.rpx
INFO: [Timing 38-91] UpdateTimingParams: Speed grade: -1, Delay Type: min_max.
INFO: [Timing 38-191] Multithreading enabled for timing update using a maximum of 2 CPUs
Command: write_bitstream -force base_wrapper.bit
Attempting to get a license for feature 'Implementation' and/or device 'xc7z020'
INFO: [Common 17-349] Got license for feature 'Implementation' and/or device 'xc7z020'
Running DRC as a precondition to command write_bitstream
INFO: [IP_Flow 19-1839] IP Catalog is up to date.
INFO: [DRC 23-27] Running DRC with 2 threads
WARNING: [DRC IOSR-1] IOB set reset sharing: IO pdm_m_data_i connects to flops which have these base_i/rst_ps7_0_100M/U0/peripheral_reset[0], and base_i/audio_direct_0/inst/audio_direct_path_inst/PdmDes_Inst/pdm_tmp[15]_i_1_n_0 set/reset signals.  For optimal IOB flop packing there should be only one set/reset signal coming into the IOB.
WARNING: [DRC RTSTAT-10] No routable loads: 74 net(s) have no routable loads. The problem bus(es) and/or net(s) are base_i/ps7_0_axi_periph/s01_couplers/auto_cc/inst/gen_clock_conv.gen_async_conv.asyncfifo_axi/inst_fifo_gen/gaxi_full_lite.gwrite_ch.gwdch2.axi_wdch/grf.rf/gntv_or_sync_fifo.gl0.rd/gr1.gr1_int.rfwft/aempty_fwft_i, dbg_hub/inst/BSCANID.u_xsdbm_id/CORE_XSDB.UUT_MASTER/U_ICON_INTERFACE/U_CMD6_RD/U_RD_FIFO/SUBCORE_FIFO.xsdbm_v3_0_0_rdfifo_inst/inst_fifo_gen/gconvfifo.rf/grf.rf/gntv_or_sync_fifo.gl0.rd/gr1.gr1_int.rfwft/aempty_fwft_i, base_i/ps7_0_axi_periph/s01_couplers/auto_cc/inst/gen_clock_conv.gen_async_conv.asyncfifo_axi/inst_fifo_gen/gaxi_full_lite.gwrite_ch.gwrch2.axi_wrch/grf.rf/gntv_or_sync_fifo.gl0.rd/gr1.gr1_int.rfwft/aempty_fwft_i, base_i/ps7_0_axi_periph/s01_couplers/auto_cc/inst/gen_clock_conv.gen_async_conv.asyncfifo_axi/inst_fifo_gen/gaxi_full_lite.gread_ch.grach2.axi_rach/grf.rf/gntv_or_sync_fifo.gl0.rd/gr1.gr1_int.rfwft/aempty_fwft_i, base_i/ps7_0_axi_periph/s01_couplers/auto_cc/inst/gen_clock_conv.gen_async_conv.asyncfifo_axi/inst_fifo_gen/gaxi_full_lite.gread_ch.grdch2.axi_rdch/grf.rf/gntv_or_sync_fifo.gl0.rd/gr1.gr1_int.rfwft/aempty_fwft_i, base_i/ps7_0_axi_periph/s01_couplers/auto_cc/inst/gen_clock_conv.gen_async_conv.asyncfifo_axi/inst_fifo_gen/gaxi_full_lite.gwrite_ch.gwach2.axi_wach/grf.rf/gntv_or_sync_fifo.gl0.rd/gr1.gr1_int.rfwft/aempty_fwft_i, dbg_hub/inst/BSCANID.u_xsdbm_id/CORE_XSDB.UUT_MASTER/U_ICON_INTERFACE/U_CMD7_CTL/ctl_reg[2:0], dbg_hub/inst/BSCANID.u_xsdbm_id/CORE_XSDB.UUT_MASTER/U_ICON_INTERFACE/U_CMD1/ctl_reg_en_2[1], dbg_hub/inst/BSCANID.u_xsdbm_id/CORE_XSDB.UUT_MASTER/U_ICON_INTERFACE/U_CMD7_CTL/ctl_reg_en_2[1], dbg_hub/inst/BSCANID.u_xsdbm_id/SWITCH_N_EXT_BSCAN.bscan_switch/m_bscan_capture[0], dbg_hub/inst/BSCANID.u_xsdbm_id/SWITCH_N_EXT_BSCAN.bscan_switch/m_bscan_drck[0], dbg_hub/inst/BSCANID.u_xsdbm_id/SWITCH_N_EXT_BSCAN.bscan_switch/m_bscan_runtest[0], dbg_hub/inst/BSCANID.u_xsdbm_id/CORE_XSDB.UUT_MASTER/U_ICON_INTERFACE/U_CMD6_WR/U_WR_FIFO/SUBCORE_FIFO.xsdbm_v3_0_0_wrfifo_inst/inst_fifo_gen/gconvfifo.rf/grf.rf/gntv_or_sync_fifo.gl0.wr/gwhf.whf/overflow, dbg_hub/inst/BSCANID.u_xsdbm_id/CORE_XSDB.UUT_MASTER/U_ICON_INTERFACE/U_CMD6_RD/U_RD_FIFO/SUBCORE_FIFO.xsdbm_v3_0_0_rdfifo_inst/inst_fifo_gen/gconvfifo.rf/grf.rf/gntv_or_sync_fifo.gl0.wr/gwhf.whf/overflow, base_i/audio_direct_0/inst/audio_direct_v1_1_S_AXI_inst/pdm_rxtx_inst/Inst_PdmRxFifo/U0/inst_fifo_gen/gconvfifo.rf/grf.rf/gntv_or_sync_fifo.gl0.wr/gwss.wsts/ram_afull_fb... and (the first 15 of 52 listed).
INFO: [DRC AVAL-4] enum_USE_DPORT_FALSE_enum_DREG_ADREG_0_connects_CED_CEAD_RSTD_GND: base_i/pdm_microphone_0/inst/cic_compiler/U0/i_synth/decimator.decimation_filter/comb/gen_stages[0].gen_folded.int_comb_stage/gen_split_accum[0].gen_sum_struct.gen_sum/gen_structural.gen_virtex.gen_dsp48e.gen_dsp48e1_v6.dsp48e1_v6: DSP48E1 is not using the D port (USE_DPORT = FALSE). For improved power characteristics, set DREG and ADREG to '1', tie CED, CEAD, and RSTD to logic '0'.
INFO: [DRC AVAL-4] enum_USE_DPORT_FALSE_enum_DREG_ADREG_0_connects_CED_CEAD_RSTD_GND: base_i/pdm_microphone_0/inst/cic_compiler/U0/i_synth/decimator.decimation_filter/int/gen_stages[0].gen_folded.int_comb_stage/gen_split_accum[0].gen_sum_struct.gen_sum/gen_structural.gen_virtex.gen_dsp48e.gen_dsp48e1_v6.dsp48e1_v6: DSP48E1 is not using the D port (USE_DPORT = FALSE). For improved power characteristics, set DREG and ADREG to '1', tie CED, CEAD, and RSTD to logic '0'.
INFO: [DRC AVAL-5] enum_USE_MULT_NONE_enum_DREG_ADREG_0_connects_CED_CEAD_RSTD_GND: base_i/pdm_microphone_0/inst/cic_compiler/U0/i_synth/decimator.decimation_filter/comb/gen_stages[0].gen_folded.int_comb_stage/gen_split_accum[0].gen_sum_struct.gen_sum/gen_structural.gen_virtex.gen_dsp48e.gen_dsp48e1_v6.dsp48e1_v6: DSP48E1 is not using the Multiplier (USE_MULT = NONE). For improved power characteristics, set DREG and ADREG to '1', tie CED, CEAD, and RSTD to logic '0'.
INFO: [DRC AVAL-5] enum_USE_MULT_NONE_enum_DREG_ADREG_0_connects_CED_CEAD_RSTD_GND: base_i/pdm_microphone_0/inst/cic_compiler/U0/i_synth/decimator.decimation_filter/int/gen_stages[0].gen_folded.int_comb_stage/gen_split_accum[0].gen_sum_struct.gen_sum/gen_structural.gen_virtex.gen_dsp48e.gen_dsp48e1_v6.dsp48e1_v6: DSP48E1 is not using the Multiplier (USE_MULT = NONE). For improved power characteristics, set DREG and ADREG to '1', tie CED, CEAD, and RSTD to logic '0'.
INFO: [DRC REQP-28] enum_USE_MULT_NONE_connects_CEM_GND: base_i/pdm_microphone_0/inst/cic_compiler/U0/i_synth/decimator.decimation_filter/comb/gen_stages[0].gen_folded.int_comb_stage/gen_split_accum[0].gen_sum_struct.gen_sum/gen_structural.gen_virtex.gen_dsp48e.gen_dsp48e1_v6.dsp48e1_v6: When the DSP48E1 USE_MULT attribute is set to NONE, the CEM input pin should be tied to GND to save power.
INFO: [DRC REQP-28] enum_USE_MULT_NONE_connects_CEM_GND: base_i/pdm_microphone_0/inst/cic_compiler/U0/i_synth/decimator.decimation_filter/int/gen_stages[0].gen_folded.int_comb_stage/gen_split_accum[0].gen_sum_struct.gen_sum/gen_structural.gen_virtex.gen_dsp48e.gen_dsp48e1_v6.dsp48e1_v6: When the DSP48E1 USE_MULT attribute is set to NONE, the CEM input pin should be tied to GND to save power.
INFO: [DRC REQP-30] enum_MREG_0_connects_CEM_GND: base_i/pdm_microphone_0/inst/cic_compiler/U0/i_synth/decimator.decimation_filter/comb/gen_stages[0].gen_folded.int_comb_stage/gen_split_accum[0].gen_sum_struct.gen_sum/gen_structural.gen_virtex.gen_dsp48e.gen_dsp48e1_v6.dsp48e1_v6: When the DSP48E1 MREG attribute is set to 0, the CEM input pin should be tied to GND to save power.
INFO: [DRC REQP-30] enum_MREG_0_connects_CEM_GND: base_i/pdm_microphone_0/inst/cic_compiler/U0/i_synth/decimator.decimation_filter/int/gen_stages[0].gen_folded.int_comb_stage/gen_split_accum[0].gen_sum_struct.gen_sum/gen_structural.gen_virtex.gen_dsp48e.gen_dsp48e1_v6.dsp48e1_v6: When the DSP48E1 MREG attribute is set to 0, the CEM input pin should be tied to GND to save power.
INFO: [Vivado 12-3199] DRC finished with 0 Errors, 2 Warnings, 8 Advisories
INFO: [Vivado 12-3200] Please refer to the DRC report (report_drc) for more information.
INFO: [Designutils 20-2272] Running write_bitstream with 2 threads.
Loading data files...
Loading site data...
Loading route data...
Processing options...
Creating bitmap...
Creating bitstream...
Writing bitstream ./base_wrapper.bit...
INFO: [Vivado 12-1842] Bitgen Completed Successfully.
INFO: [Project 1-120] WebTalk data collection is mandatory when using a WebPACK part without a full Vivado license. To see the specific WebTalk data collected for your design, open the usage_statistics_webtalk.html or usage_statistics_webtalk.xml file in the implementation directory.
INFO: [Common 17-83] Releasing license: Implementation
20 Infos, 2 Warnings, 0 Critical Warnings and 0 Errors encountered.
write_bitstream completed successfully
write_bitstream: Time (s): cpu = 00:00:12 ; elapsed = 00:00:11 . Memory (MB): peak = 2728.766 ; gain = 478.910
INFO: [Common 17-206] Exiting Vivado at Thu Feb  5 19:56:14 2026...
