
*** Running vivado
    with args -log base_wrapper.vds -m64 -product Vivado -mode batch -messageDb vivado.pb -notrace -source base_wrapper.tcl



****** Vivado v2020.2 (64-bit)
  **** SW Build 3064766 on Wed Nov 18 09:12:45 MST 2020
  **** IP Build 3064653 on Wed Nov 18 14:17:31 MST 2020
    ** Copyright 1986-2020 Xilinx, Inc. All Rights Reserved.

source base_wrapper.tcl -notrace
INFO: [IP_Flow 19-234] Refreshing IP repositories
INFO: [IP_Flow 19-1700] Loaded user IP repository 'c:/Xilinx/labs'.
INFO: [IP_Flow 19-1700] Loaded user IP repository 'c:/Xilinx/PYNQ'.
WARNING: [IP_Flow 19-3656] If you move the project, the path for repository 'c:/Xilinx/PYNQ' may become invalid. A better location for the repository would be in a path adjacent to the project. (Current project location is 'c:/Xilinx/PYNQ/boards/Pynq-Z1/base/InfoProc-Lab-3/myproj/project_1.runs/synth_1'.)
INFO: [IP_Flow 19-2313] Loaded Vivado IP repository 'C:/Xilinx/Vivado/2020.2/data/ip'.
Command: synth_design -top base_wrapper -part xc7z020clg400-1
Starting synth_design
Attempting to get a license for feature 'Synthesis' and/or device 'xc7z020'
INFO: [Common 17-349] Got license for feature 'Synthesis' and/or device 'xc7z020'
INFO: [Device 21-403] Loading part xc7z020clg400-1
INFO: [Synth 8-7079] Multithreading enabled for synth_design using a maximum of 2 processes.
INFO: [Synth 8-7078] Launching helper process for spawning children vivado processes
INFO: [Synth 8-7075] Helper process launched with PID 1672
---------------------------------------------------------------------------------
Starting RTL Elaboration : Time (s): cpu = 00:00:03 ; elapsed = 00:00:02 . Memory (MB): peak = 1183.168 ; gain = 75.445
---------------------------------------------------------------------------------
INFO: [Synth 8-6157] synthesizing module 'base_wrapper' [C:/Xilinx/PYNQ/boards/Pynq-Z1/base/InfoProc-Lab-3/myproj/project_1.gen/sources_1/bd/base/hdl/base_wrapper.v:12]
INFO: [Synth 8-6157] synthesizing module 'base' [c:/Xilinx/PYNQ/boards/Pynq-Z1/base/InfoProc-Lab-3/myproj/project_1.gen/sources_1/bd/base/synth/base.v:13]
INFO: [Synth 8-6157] synthesizing module 'base_audio_direct_0_3' [C:/Xilinx/PYNQ/boards/Pynq-Z1/base/InfoProc-Lab-3/myproj/project_1.runs/synth_1/.Xil/Vivado-31380-NH/realtime/base_audio_direct_0_3_stub.v:6]
INFO: [Synth 8-6155] done synthesizing module 'base_audio_direct_0_3' (1#1) [C:/Xilinx/PYNQ/boards/Pynq-Z1/base/InfoProc-Lab-3/myproj/project_1.runs/synth_1/.Xil/Vivado-31380-NH/realtime/base_audio_direct_0_3_stub.v:6]
INFO: [Synth 8-6157] synthesizing module 'base_audio_path_sel_0' [c:/Xilinx/PYNQ/boards/Pynq-Z1/base/InfoProc-Lab-3/myproj/project_1.gen/sources_1/bd/base/ip/base_audio_path_sel_0/synth/base_audio_path_sel_0.v:57]
INFO: [Synth 8-6157] synthesizing module 'xlslice_v1_0_2_xlslice' [c:/Xilinx/PYNQ/boards/Pynq-Z1/base/InfoProc-Lab-3/myproj/project_1.gen/sources_1/bd/base/ipshared/11d0/hdl/xlslice_v1_0_vl_rfs.v:13]
	Parameter DIN_WIDTH bound to: 7 - type: integer 
	Parameter DIN_FROM bound to: 3 - type: integer 
	Parameter DIN_TO bound to: 3 - type: integer 
INFO: [Synth 8-6155] done synthesizing module 'xlslice_v1_0_2_xlslice' (2#1) [c:/Xilinx/PYNQ/boards/Pynq-Z1/base/InfoProc-Lab-3/myproj/project_1.gen/sources_1/bd/base/ipshared/11d0/hdl/xlslice_v1_0_vl_rfs.v:13]
INFO: [Synth 8-6155] done synthesizing module 'base_audio_path_sel_0' (3#1) [c:/Xilinx/PYNQ/boards/Pynq-Z1/base/InfoProc-Lab-3/myproj/project_1.gen/sources_1/bd/base/ip/base_audio_path_sel_0/synth/base_audio_path_sel_0.v:57]
INFO: [Synth 8-6157] synthesizing module 'base_axi_gpio_0_2' [C:/Xilinx/PYNQ/boards/Pynq-Z1/base/InfoProc-Lab-3/myproj/project_1.runs/synth_1/.Xil/Vivado-31380-NH/realtime/base_axi_gpio_0_2_stub.v:6]
INFO: [Synth 8-6155] done synthesizing module 'base_axi_gpio_0_2' (4#1) [C:/Xilinx/PYNQ/boards/Pynq-Z1/base/InfoProc-Lab-3/myproj/project_1.runs/synth_1/.Xil/Vivado-31380-NH/realtime/base_axi_gpio_0_2_stub.v:6]
WARNING: [Synth 8-4446] all outputs are unconnected for this instance and logic may be removed [c:/Xilinx/PYNQ/boards/Pynq-Z1/base/InfoProc-Lab-3/myproj/project_1.gen/sources_1/bd/base/synth/base.v:277]
INFO: [Synth 8-6157] synthesizing module 'base_ila_0_1' [C:/Xilinx/PYNQ/boards/Pynq-Z1/base/InfoProc-Lab-3/myproj/project_1.runs/synth_1/.Xil/Vivado-31380-NH/realtime/base_ila_0_1_stub.v:6]
INFO: [Synth 8-6155] done synthesizing module 'base_ila_0_1' (5#1) [C:/Xilinx/PYNQ/boards/Pynq-Z1/base/InfoProc-Lab-3/myproj/project_1.runs/synth_1/.Xil/Vivado-31380-NH/realtime/base_ila_0_1_stub.v:6]
INFO: [Synth 8-6157] synthesizing module 'base_pdm_microphone_0_2' [C:/Xilinx/PYNQ/boards/Pynq-Z1/base/InfoProc-Lab-3/myproj/project_1.runs/synth_1/.Xil/Vivado-31380-NH/realtime/base_pdm_microphone_0_2_stub.v:6]
INFO: [Synth 8-6155] done synthesizing module 'base_pdm_microphone_0_2' (6#1) [C:/Xilinx/PYNQ/boards/Pynq-Z1/base/InfoProc-Lab-3/myproj/project_1.runs/synth_1/.Xil/Vivado-31380-NH/realtime/base_pdm_microphone_0_2_stub.v:6]
WARNING: [Synth 8-7071] port 'mic_lrsel' of module 'base_pdm_microphone_0_2' is unconnected for instance 'pdm_microphone_0' [c:/Xilinx/PYNQ/boards/Pynq-Z1/base/InfoProc-Lab-3/myproj/project_1.gen/sources_1/bd/base/synth/base.v:323]
WARNING: [Synth 8-7023] instance 'pdm_microphone_0' of module 'base_pdm_microphone_0_2' has 7 connections declared, but only 6 given [c:/Xilinx/PYNQ/boards/Pynq-Z1/base/InfoProc-Lab-3/myproj/project_1.gen/sources_1/bd/base/synth/base.v:323]
INFO: [Synth 8-6157] synthesizing module 'base_ps7_0_0' [C:/Xilinx/PYNQ/boards/Pynq-Z1/base/InfoProc-Lab-3/myproj/project_1.runs/synth_1/.Xil/Vivado-31380-NH/realtime/base_ps7_0_0_stub.v:6]
INFO: [Synth 8-6155] done synthesizing module 'base_ps7_0_0' (7#1) [C:/Xilinx/PYNQ/boards/Pynq-Z1/base/InfoProc-Lab-3/myproj/project_1.runs/synth_1/.Xil/Vivado-31380-NH/realtime/base_ps7_0_0_stub.v:6]
WARNING: [Synth 8-7071] port 'GPIO_T' of module 'base_ps7_0_0' is unconnected for instance 'ps7_0' [c:/Xilinx/PYNQ/boards/Pynq-Z1/base/InfoProc-Lab-3/myproj/project_1.gen/sources_1/bd/base/synth/base.v:330]
WARNING: [Synth 8-7071] port 'I2C0_SDA_O' of module 'base_ps7_0_0' is unconnected for instance 'ps7_0' [c:/Xilinx/PYNQ/boards/Pynq-Z1/base/InfoProc-Lab-3/myproj/project_1.gen/sources_1/bd/base/synth/base.v:330]
WARNING: [Synth 8-7071] port 'I2C0_SDA_T' of module 'base_ps7_0_0' is unconnected for instance 'ps7_0' [c:/Xilinx/PYNQ/boards/Pynq-Z1/base/InfoProc-Lab-3/myproj/project_1.gen/sources_1/bd/base/synth/base.v:330]
WARNING: [Synth 8-7071] port 'I2C0_SCL_O' of module 'base_ps7_0_0' is unconnected for instance 'ps7_0' [c:/Xilinx/PYNQ/boards/Pynq-Z1/base/InfoProc-Lab-3/myproj/project_1.gen/sources_1/bd/base/synth/base.v:330]
WARNING: [Synth 8-7071] port 'I2C0_SCL_T' of module 'base_ps7_0_0' is unconnected for instance 'ps7_0' [c:/Xilinx/PYNQ/boards/Pynq-Z1/base/InfoProc-Lab-3/myproj/project_1.gen/sources_1/bd/base/synth/base.v:330]
WARNING: [Synth 8-7071] port 'USB0_PORT_INDCTL' of module 'base_ps7_0_0' is unconnected for instance 'ps7_0' [c:/Xilinx/PYNQ/boards/Pynq-Z1/base/InfoProc-Lab-3/myproj/project_1.gen/sources_1/bd/base/synth/base.v:330]
WARNING: [Synth 8-7071] port 'USB0_VBUS_PWRSELECT' of module 'base_ps7_0_0' is unconnected for instance 'ps7_0' [c:/Xilinx/PYNQ/boards/Pynq-Z1/base/InfoProc-Lab-3/myproj/project_1.gen/sources_1/bd/base/synth/base.v:330]
WARNING: [Synth 8-7071] port 'S_AXI_GP0_ARREADY' of module 'base_ps7_0_0' is unconnected for instance 'ps7_0' [c:/Xilinx/PYNQ/boards/Pynq-Z1/base/InfoProc-Lab-3/myproj/project_1.gen/sources_1/bd/base/synth/base.v:330]
WARNING: [Synth 8-7071] port 'S_AXI_GP0_AWREADY' of module 'base_ps7_0_0' is unconnected for instance 'ps7_0' [c:/Xilinx/PYNQ/boards/Pynq-Z1/base/InfoProc-Lab-3/myproj/project_1.gen/sources_1/bd/base/synth/base.v:330]
WARNING: [Synth 8-7071] port 'S_AXI_GP0_BVALID' of module 'base_ps7_0_0' is unconnected for instance 'ps7_0' [c:/Xilinx/PYNQ/boards/Pynq-Z1/base/InfoProc-Lab-3/myproj/project_1.gen/sources_1/bd/base/synth/base.v:330]
WARNING: [Synth 8-7071] port 'S_AXI_GP0_RLAST' of module 'base_ps7_0_0' is unconnected for instance 'ps7_0' [c:/Xilinx/PYNQ/boards/Pynq-Z1/base/InfoProc-Lab-3/myproj/project_1.gen/sources_1/bd/base/synth/base.v:330]
WARNING: [Synth 8-7071] port 'S_AXI_GP0_RVALID' of module 'base_ps7_0_0' is unconnected for instance 'ps7_0' [c:/Xilinx/PYNQ/boards/Pynq-Z1/base/InfoProc-Lab-3/myproj/project_1.gen/sources_1/bd/base/synth/base.v:330]
WARNING: [Synth 8-7071] port 'S_AXI_GP0_WREADY' of module 'base_ps7_0_0' is unconnected for instance 'ps7_0' [c:/Xilinx/PYNQ/boards/Pynq-Z1/base/InfoProc-Lab-3/myproj/project_1.gen/sources_1/bd/base/synth/base.v:330]
WARNING: [Synth 8-7071] port 'S_AXI_GP0_BRESP' of module 'base_ps7_0_0' is unconnected for instance 'ps7_0' [c:/Xilinx/PYNQ/boards/Pynq-Z1/base/InfoProc-Lab-3/myproj/project_1.gen/sources_1/bd/base/synth/base.v:330]
WARNING: [Synth 8-7071] port 'S_AXI_GP0_RRESP' of module 'base_ps7_0_0' is unconnected for instance 'ps7_0' [c:/Xilinx/PYNQ/boards/Pynq-Z1/base/InfoProc-Lab-3/myproj/project_1.gen/sources_1/bd/base/synth/base.v:330]
WARNING: [Synth 8-7071] port 'S_AXI_GP0_RDATA' of module 'base_ps7_0_0' is unconnected for instance 'ps7_0' [c:/Xilinx/PYNQ/boards/Pynq-Z1/base/InfoProc-Lab-3/myproj/project_1.gen/sources_1/bd/base/synth/base.v:330]
WARNING: [Synth 8-7071] port 'S_AXI_GP0_BID' of module 'base_ps7_0_0' is unconnected for instance 'ps7_0' [c:/Xilinx/PYNQ/boards/Pynq-Z1/base/InfoProc-Lab-3/myproj/project_1.gen/sources_1/bd/base/synth/base.v:330]
WARNING: [Synth 8-7071] port 'S_AXI_GP0_RID' of module 'base_ps7_0_0' is unconnected for instance 'ps7_0' [c:/Xilinx/PYNQ/boards/Pynq-Z1/base/InfoProc-Lab-3/myproj/project_1.gen/sources_1/bd/base/synth/base.v:330]
WARNING: [Synth 8-7071] port 'S_AXI_HP0_ARREADY' of module 'base_ps7_0_0' is unconnected for instance 'ps7_0' [c:/Xilinx/PYNQ/boards/Pynq-Z1/base/InfoProc-Lab-3/myproj/project_1.gen/sources_1/bd/base/synth/base.v:330]
WARNING: [Synth 8-7071] port 'S_AXI_HP0_AWREADY' of module 'base_ps7_0_0' is unconnected for instance 'ps7_0' [c:/Xilinx/PYNQ/boards/Pynq-Z1/base/InfoProc-Lab-3/myproj/project_1.gen/sources_1/bd/base/synth/base.v:330]
WARNING: [Synth 8-7071] port 'S_AXI_HP0_BVALID' of module 'base_ps7_0_0' is unconnected for instance 'ps7_0' [c:/Xilinx/PYNQ/boards/Pynq-Z1/base/InfoProc-Lab-3/myproj/project_1.gen/sources_1/bd/base/synth/base.v:330]
WARNING: [Synth 8-7071] port 'S_AXI_HP0_RLAST' of module 'base_ps7_0_0' is unconnected for instance 'ps7_0' [c:/Xilinx/PYNQ/boards/Pynq-Z1/base/InfoProc-Lab-3/myproj/project_1.gen/sources_1/bd/base/synth/base.v:330]
WARNING: [Synth 8-7071] port 'S_AXI_HP0_RVALID' of module 'base_ps7_0_0' is unconnected for instance 'ps7_0' [c:/Xilinx/PYNQ/boards/Pynq-Z1/base/InfoProc-Lab-3/myproj/project_1.gen/sources_1/bd/base/synth/base.v:330]
WARNING: [Synth 8-7071] port 'S_AXI_HP0_WREADY' of module 'base_ps7_0_0' is unconnected for instance 'ps7_0' [c:/Xilinx/PYNQ/boards/Pynq-Z1/base/InfoProc-Lab-3/myproj/project_1.gen/sources_1/bd/base/synth/base.v:330]
WARNING: [Synth 8-7071] port 'S_AXI_HP0_BRESP' of module 'base_ps7_0_0' is unconnected for instance 'ps7_0' [c:/Xilinx/PYNQ/boards/Pynq-Z1/base/InfoProc-Lab-3/myproj/project_1.gen/sources_1/bd/base/synth/base.v:330]
WARNING: [Synth 8-7071] port 'S_AXI_HP0_RRESP' of module 'base_ps7_0_0' is unconnected for instance 'ps7_0' [c:/Xilinx/PYNQ/boards/Pynq-Z1/base/InfoProc-Lab-3/myproj/project_1.gen/sources_1/bd/base/synth/base.v:330]
WARNING: [Synth 8-7071] port 'S_AXI_HP0_BID' of module 'base_ps7_0_0' is unconnected for instance 'ps7_0' [c:/Xilinx/PYNQ/boards/Pynq-Z1/base/InfoProc-Lab-3/myproj/project_1.gen/sources_1/bd/base/synth/base.v:330]
WARNING: [Synth 8-7071] port 'S_AXI_HP0_RID' of module 'base_ps7_0_0' is unconnected for instance 'ps7_0' [c:/Xilinx/PYNQ/boards/Pynq-Z1/base/InfoProc-Lab-3/myproj/project_1.gen/sources_1/bd/base/synth/base.v:330]
WARNING: [Synth 8-7071] port 'S_AXI_HP0_RDATA' of module 'base_ps7_0_0' is unconnected for instance 'ps7_0' [c:/Xilinx/PYNQ/boards/Pynq-Z1/base/InfoProc-Lab-3/myproj/project_1.gen/sources_1/bd/base/synth/base.v:330]
WARNING: [Synth 8-7071] port 'S_AXI_HP0_RCOUNT' of module 'base_ps7_0_0' is unconnected for instance 'ps7_0' [c:/Xilinx/PYNQ/boards/Pynq-Z1/base/InfoProc-Lab-3/myproj/project_1.gen/sources_1/bd/base/synth/base.v:330]
WARNING: [Synth 8-7071] port 'S_AXI_HP0_WCOUNT' of module 'base_ps7_0_0' is unconnected for instance 'ps7_0' [c:/Xilinx/PYNQ/boards/Pynq-Z1/base/InfoProc-Lab-3/myproj/project_1.gen/sources_1/bd/base/synth/base.v:330]
WARNING: [Synth 8-7071] port 'S_AXI_HP0_RACOUNT' of module 'base_ps7_0_0' is unconnected for instance 'ps7_0' [c:/Xilinx/PYNQ/boards/Pynq-Z1/base/InfoProc-Lab-3/myproj/project_1.gen/sources_1/bd/base/synth/base.v:330]
WARNING: [Synth 8-7071] port 'S_AXI_HP0_WACOUNT' of module 'base_ps7_0_0' is unconnected for instance 'ps7_0' [c:/Xilinx/PYNQ/boards/Pynq-Z1/base/InfoProc-Lab-3/myproj/project_1.gen/sources_1/bd/base/synth/base.v:330]
WARNING: [Synth 8-7071] port 'S_AXI_HP2_ARREADY' of module 'base_ps7_0_0' is unconnected for instance 'ps7_0' [c:/Xilinx/PYNQ/boards/Pynq-Z1/base/InfoProc-Lab-3/myproj/project_1.gen/sources_1/bd/base/synth/base.v:330]
WARNING: [Synth 8-7071] port 'S_AXI_HP2_AWREADY' of module 'base_ps7_0_0' is unconnected for instance 'ps7_0' [c:/Xilinx/PYNQ/boards/Pynq-Z1/base/InfoProc-Lab-3/myproj/project_1.gen/sources_1/bd/base/synth/base.v:330]
WARNING: [Synth 8-7071] port 'S_AXI_HP2_BVALID' of module 'base_ps7_0_0' is unconnected for instance 'ps7_0' [c:/Xilinx/PYNQ/boards/Pynq-Z1/base/InfoProc-Lab-3/myproj/project_1.gen/sources_1/bd/base/synth/base.v:330]
WARNING: [Synth 8-7071] port 'S_AXI_HP2_RLAST' of module 'base_ps7_0_0' is unconnected for instance 'ps7_0' [c:/Xilinx/PYNQ/boards/Pynq-Z1/base/InfoProc-Lab-3/myproj/project_1.gen/sources_1/bd/base/synth/base.v:330]
WARNING: [Synth 8-7071] port 'S_AXI_HP2_RVALID' of module 'base_ps7_0_0' is unconnected for instance 'ps7_0' [c:/Xilinx/PYNQ/boards/Pynq-Z1/base/InfoProc-Lab-3/myproj/project_1.gen/sources_1/bd/base/synth/base.v:330]
WARNING: [Synth 8-7071] port 'S_AXI_HP2_WREADY' of module 'base_ps7_0_0' is unconnected for instance 'ps7_0' [c:/Xilinx/PYNQ/boards/Pynq-Z1/base/InfoProc-Lab-3/myproj/project_1.gen/sources_1/bd/base/synth/base.v:330]
WARNING: [Synth 8-7071] port 'S_AXI_HP2_BRESP' of module 'base_ps7_0_0' is unconnected for instance 'ps7_0' [c:/Xilinx/PYNQ/boards/Pynq-Z1/base/InfoProc-Lab-3/myproj/project_1.gen/sources_1/bd/base/synth/base.v:330]
WARNING: [Synth 8-7071] port 'S_AXI_HP2_RRESP' of module 'base_ps7_0_0' is unconnected for instance 'ps7_0' [c:/Xilinx/PYNQ/boards/Pynq-Z1/base/InfoProc-Lab-3/myproj/project_1.gen/sources_1/bd/base/synth/base.v:330]
WARNING: [Synth 8-7071] port 'S_AXI_HP2_BID' of module 'base_ps7_0_0' is unconnected for instance 'ps7_0' [c:/Xilinx/PYNQ/boards/Pynq-Z1/base/InfoProc-Lab-3/myproj/project_1.gen/sources_1/bd/base/synth/base.v:330]
WARNING: [Synth 8-7071] port 'S_AXI_HP2_RID' of module 'base_ps7_0_0' is unconnected for instance 'ps7_0' [c:/Xilinx/PYNQ/boards/Pynq-Z1/base/InfoProc-Lab-3/myproj/project_1.gen/sources_1/bd/base/synth/base.v:330]
WARNING: [Synth 8-7071] port 'S_AXI_HP2_RDATA' of module 'base_ps7_0_0' is unconnected for instance 'ps7_0' [c:/Xilinx/PYNQ/boards/Pynq-Z1/base/InfoProc-Lab-3/myproj/project_1.gen/sources_1/bd/base/synth/base.v:330]
WARNING: [Synth 8-7071] port 'S_AXI_HP2_RCOUNT' of module 'base_ps7_0_0' is unconnected for instance 'ps7_0' [c:/Xilinx/PYNQ/boards/Pynq-Z1/base/InfoProc-Lab-3/myproj/project_1.gen/sources_1/bd/base/synth/base.v:330]
WARNING: [Synth 8-7071] port 'S_AXI_HP2_WCOUNT' of module 'base_ps7_0_0' is unconnected for instance 'ps7_0' [c:/Xilinx/PYNQ/boards/Pynq-Z1/base/InfoProc-Lab-3/myproj/project_1.gen/sources_1/bd/base/synth/base.v:330]
WARNING: [Synth 8-7071] port 'S_AXI_HP2_RACOUNT' of module 'base_ps7_0_0' is unconnected for instance 'ps7_0' [c:/Xilinx/PYNQ/boards/Pynq-Z1/base/InfoProc-Lab-3/myproj/project_1.gen/sources_1/bd/base/synth/base.v:330]
WARNING: [Synth 8-7071] port 'S_AXI_HP2_WACOUNT' of module 'base_ps7_0_0' is unconnected for instance 'ps7_0' [c:/Xilinx/PYNQ/boards/Pynq-Z1/base/InfoProc-Lab-3/myproj/project_1.gen/sources_1/bd/base/synth/base.v:330]
WARNING: [Synth 8-7071] port 'FCLK_CLK2' of module 'base_ps7_0_0' is unconnected for instance 'ps7_0' [c:/Xilinx/PYNQ/boards/Pynq-Z1/base/InfoProc-Lab-3/myproj/project_1.gen/sources_1/bd/base/synth/base.v:330]
WARNING: [Synth 8-7023] instance 'ps7_0' of module 'base_ps7_0_0' has 246 connections declared, but only 197 given [c:/Xilinx/PYNQ/boards/Pynq-Z1/base/InfoProc-Lab-3/myproj/project_1.gen/sources_1/bd/base/synth/base.v:330]
INFO: [Synth 8-6157] synthesizing module 'base_ps7_0_axi_periph_0' [c:/Xilinx/PYNQ/boards/Pynq-Z1/base/InfoProc-Lab-3/myproj/project_1.gen/sources_1/bd/base/synth/base.v:678]
INFO: [Synth 8-6157] synthesizing module 'm00_couplers_imp_DE2YVW' [c:/Xilinx/PYNQ/boards/Pynq-Z1/base/InfoProc-Lab-3/myproj/project_1.gen/sources_1/bd/base/synth/base.v:1874]
INFO: [Synth 8-6155] done synthesizing module 'm00_couplers_imp_DE2YVW' (8#1) [c:/Xilinx/PYNQ/boards/Pynq-Z1/base/InfoProc-Lab-3/myproj/project_1.gen/sources_1/bd/base/synth/base.v:1874]
INFO: [Synth 8-6157] synthesizing module 'm01_couplers_imp_1C31QAY' [c:/Xilinx/PYNQ/boards/Pynq-Z1/base/InfoProc-Lab-3/myproj/project_1.gen/sources_1/bd/base/synth/base.v:2020]
INFO: [Synth 8-6155] done synthesizing module 'm01_couplers_imp_1C31QAY' (9#1) [c:/Xilinx/PYNQ/boards/Pynq-Z1/base/InfoProc-Lab-3/myproj/project_1.gen/sources_1/bd/base/synth/base.v:2020]
INFO: [Synth 8-6157] synthesizing module 'm02_couplers_imp_1M1FQ9D' [c:/Xilinx/PYNQ/boards/Pynq-Z1/base/InfoProc-Lab-3/myproj/project_1.gen/sources_1/bd/base/synth/base.v:2152]
INFO: [Synth 8-6155] done synthesizing module 'm02_couplers_imp_1M1FQ9D' (10#1) [c:/Xilinx/PYNQ/boards/Pynq-Z1/base/InfoProc-Lab-3/myproj/project_1.gen/sources_1/bd/base/synth/base.v:2152]
INFO: [Synth 8-6157] synthesizing module 's00_couplers_imp_1WI8JL5' [c:/Xilinx/PYNQ/boards/Pynq-Z1/base/InfoProc-Lab-3/myproj/project_1.gen/sources_1/bd/base/synth/base.v:2298]
INFO: [Synth 8-6157] synthesizing module 'base_auto_pc_0' [C:/Xilinx/PYNQ/boards/Pynq-Z1/base/InfoProc-Lab-3/myproj/project_1.runs/synth_1/.Xil/Vivado-31380-NH/realtime/base_auto_pc_0_stub.v:6]
INFO: [Synth 8-6155] done synthesizing module 'base_auto_pc_0' (11#1) [C:/Xilinx/PYNQ/boards/Pynq-Z1/base/InfoProc-Lab-3/myproj/project_1.runs/synth_1/.Xil/Vivado-31380-NH/realtime/base_auto_pc_0_stub.v:6]
INFO: [Synth 8-6155] done synthesizing module 's00_couplers_imp_1WI8JL5' (12#1) [c:/Xilinx/PYNQ/boards/Pynq-Z1/base/InfoProc-Lab-3/myproj/project_1.gen/sources_1/bd/base/synth/base.v:2298]
INFO: [Synth 8-6157] synthesizing module 'base_s00_mmu_0' [C:/Xilinx/PYNQ/boards/Pynq-Z1/base/InfoProc-Lab-3/myproj/project_1.runs/synth_1/.Xil/Vivado-31380-NH/realtime/base_s00_mmu_0_stub.v:6]
INFO: [Synth 8-6155] done synthesizing module 'base_s00_mmu_0' (13#1) [C:/Xilinx/PYNQ/boards/Pynq-Z1/base/InfoProc-Lab-3/myproj/project_1.runs/synth_1/.Xil/Vivado-31380-NH/realtime/base_s00_mmu_0_stub.v:6]
INFO: [Synth 8-6157] synthesizing module 's01_couplers_imp_TXVYOV' [c:/Xilinx/PYNQ/boards/Pynq-Z1/base/InfoProc-Lab-3/myproj/project_1.gen/sources_1/bd/base/synth/base.v:2603]
INFO: [Synth 8-6157] synthesizing module 'base_auto_cc_0' [C:/Xilinx/PYNQ/boards/Pynq-Z1/base/InfoProc-Lab-3/myproj/project_1.runs/synth_1/.Xil/Vivado-31380-NH/realtime/base_auto_cc_0_stub.v:6]
INFO: [Synth 8-6155] done synthesizing module 'base_auto_cc_0' (14#1) [C:/Xilinx/PYNQ/boards/Pynq-Z1/base/InfoProc-Lab-3/myproj/project_1.runs/synth_1/.Xil/Vivado-31380-NH/realtime/base_auto_cc_0_stub.v:6]
INFO: [Synth 8-6157] synthesizing module 'base_auto_pc_1' [C:/Xilinx/PYNQ/boards/Pynq-Z1/base/InfoProc-Lab-3/myproj/project_1.runs/synth_1/.Xil/Vivado-31380-NH/realtime/base_auto_pc_1_stub.v:6]
INFO: [Synth 8-6155] done synthesizing module 'base_auto_pc_1' (15#1) [C:/Xilinx/PYNQ/boards/Pynq-Z1/base/InfoProc-Lab-3/myproj/project_1.runs/synth_1/.Xil/Vivado-31380-NH/realtime/base_auto_pc_1_stub.v:6]
INFO: [Synth 8-6155] done synthesizing module 's01_couplers_imp_TXVYOV' (16#1) [c:/Xilinx/PYNQ/boards/Pynq-Z1/base/InfoProc-Lab-3/myproj/project_1.gen/sources_1/bd/base/synth/base.v:2603]
INFO: [Synth 8-6157] synthesizing module 'base_s01_mmu_0' [C:/Xilinx/PYNQ/boards/Pynq-Z1/base/InfoProc-Lab-3/myproj/project_1.runs/synth_1/.Xil/Vivado-31380-NH/realtime/base_s01_mmu_0_stub.v:6]
INFO: [Synth 8-6155] done synthesizing module 'base_s01_mmu_0' (17#1) [C:/Xilinx/PYNQ/boards/Pynq-Z1/base/InfoProc-Lab-3/myproj/project_1.runs/synth_1/.Xil/Vivado-31380-NH/realtime/base_s01_mmu_0_stub.v:6]
INFO: [Synth 8-6157] synthesizing module 'base_xbar_0' [C:/Xilinx/PYNQ/boards/Pynq-Z1/base/InfoProc-Lab-3/myproj/project_1.runs/synth_1/.Xil/Vivado-31380-NH/realtime/base_xbar_0_stub.v:6]
INFO: [Synth 8-6155] done synthesizing module 'base_xbar_0' (18#1) [C:/Xilinx/PYNQ/boards/Pynq-Z1/base/InfoProc-Lab-3/myproj/project_1.runs/synth_1/.Xil/Vivado-31380-NH/realtime/base_xbar_0_stub.v:6]
INFO: [Synth 8-6155] done synthesizing module 'base_ps7_0_axi_periph_0' (19#1) [c:/Xilinx/PYNQ/boards/Pynq-Z1/base/InfoProc-Lab-3/myproj/project_1.gen/sources_1/bd/base/synth/base.v:678]
WARNING: [Synth 8-7071] port 'M02_AXI_araddr' of module 'base_ps7_0_axi_periph_0' is unconnected for instance 'ps7_0_axi_periph' [c:/Xilinx/PYNQ/boards/Pynq-Z1/base/InfoProc-Lab-3/myproj/project_1.gen/sources_1/bd/base/synth/base.v:528]
WARNING: [Synth 8-7071] port 'M02_AXI_arprot' of module 'base_ps7_0_axi_periph_0' is unconnected for instance 'ps7_0_axi_periph' [c:/Xilinx/PYNQ/boards/Pynq-Z1/base/InfoProc-Lab-3/myproj/project_1.gen/sources_1/bd/base/synth/base.v:528]
WARNING: [Synth 8-7071] port 'M02_AXI_arvalid' of module 'base_ps7_0_axi_periph_0' is unconnected for instance 'ps7_0_axi_periph' [c:/Xilinx/PYNQ/boards/Pynq-Z1/base/InfoProc-Lab-3/myproj/project_1.gen/sources_1/bd/base/synth/base.v:528]
WARNING: [Synth 8-7071] port 'M02_AXI_awaddr' of module 'base_ps7_0_axi_periph_0' is unconnected for instance 'ps7_0_axi_periph' [c:/Xilinx/PYNQ/boards/Pynq-Z1/base/InfoProc-Lab-3/myproj/project_1.gen/sources_1/bd/base/synth/base.v:528]
WARNING: [Synth 8-7071] port 'M02_AXI_awprot' of module 'base_ps7_0_axi_periph_0' is unconnected for instance 'ps7_0_axi_periph' [c:/Xilinx/PYNQ/boards/Pynq-Z1/base/InfoProc-Lab-3/myproj/project_1.gen/sources_1/bd/base/synth/base.v:528]
WARNING: [Synth 8-7071] port 'M02_AXI_awvalid' of module 'base_ps7_0_axi_periph_0' is unconnected for instance 'ps7_0_axi_periph' [c:/Xilinx/PYNQ/boards/Pynq-Z1/base/InfoProc-Lab-3/myproj/project_1.gen/sources_1/bd/base/synth/base.v:528]
WARNING: [Synth 8-7071] port 'M02_AXI_bready' of module 'base_ps7_0_axi_periph_0' is unconnected for instance 'ps7_0_axi_periph' [c:/Xilinx/PYNQ/boards/Pynq-Z1/base/InfoProc-Lab-3/myproj/project_1.gen/sources_1/bd/base/synth/base.v:528]
WARNING: [Synth 8-7071] port 'M02_AXI_rready' of module 'base_ps7_0_axi_periph_0' is unconnected for instance 'ps7_0_axi_periph' [c:/Xilinx/PYNQ/boards/Pynq-Z1/base/InfoProc-Lab-3/myproj/project_1.gen/sources_1/bd/base/synth/base.v:528]
WARNING: [Synth 8-7071] port 'M02_AXI_wdata' of module 'base_ps7_0_axi_periph_0' is unconnected for instance 'ps7_0_axi_periph' [c:/Xilinx/PYNQ/boards/Pynq-Z1/base/InfoProc-Lab-3/myproj/project_1.gen/sources_1/bd/base/synth/base.v:528]
WARNING: [Synth 8-7071] port 'M02_AXI_wstrb' of module 'base_ps7_0_axi_periph_0' is unconnected for instance 'ps7_0_axi_periph' [c:/Xilinx/PYNQ/boards/Pynq-Z1/base/InfoProc-Lab-3/myproj/project_1.gen/sources_1/bd/base/synth/base.v:528]
WARNING: [Synth 8-7071] port 'M02_AXI_wvalid' of module 'base_ps7_0_axi_periph_0' is unconnected for instance 'ps7_0_axi_periph' [c:/Xilinx/PYNQ/boards/Pynq-Z1/base/InfoProc-Lab-3/myproj/project_1.gen/sources_1/bd/base/synth/base.v:528]
WARNING: [Synth 8-7023] instance 'ps7_0_axi_periph' of module 'base_ps7_0_axi_periph_0' has 143 connections declared, but only 132 given [c:/Xilinx/PYNQ/boards/Pynq-Z1/base/InfoProc-Lab-3/myproj/project_1.gen/sources_1/bd/base/synth/base.v:528]
INFO: [Synth 8-6157] synthesizing module 'base_rst_ps7_0_100M_0' [C:/Xilinx/PYNQ/boards/Pynq-Z1/base/InfoProc-Lab-3/myproj/project_1.runs/synth_1/.Xil/Vivado-31380-NH/realtime/base_rst_ps7_0_100M_0_stub.v:6]
INFO: [Synth 8-6155] done synthesizing module 'base_rst_ps7_0_100M_0' (20#1) [C:/Xilinx/PYNQ/boards/Pynq-Z1/base/InfoProc-Lab-3/myproj/project_1.runs/synth_1/.Xil/Vivado-31380-NH/realtime/base_rst_ps7_0_100M_0_stub.v:6]
WARNING: [Synth 8-7071] port 'mb_reset' of module 'base_rst_ps7_0_100M_0' is unconnected for instance 'rst_ps7_0_100M' [c:/Xilinx/PYNQ/boards/Pynq-Z1/base/InfoProc-Lab-3/myproj/project_1.gen/sources_1/bd/base/synth/base.v:661]
WARNING: [Synth 8-7071] port 'bus_struct_reset' of module 'base_rst_ps7_0_100M_0' is unconnected for instance 'rst_ps7_0_100M' [c:/Xilinx/PYNQ/boards/Pynq-Z1/base/InfoProc-Lab-3/myproj/project_1.gen/sources_1/bd/base/synth/base.v:661]
WARNING: [Synth 8-7071] port 'interconnect_aresetn' of module 'base_rst_ps7_0_100M_0' is unconnected for instance 'rst_ps7_0_100M' [c:/Xilinx/PYNQ/boards/Pynq-Z1/base/InfoProc-Lab-3/myproj/project_1.gen/sources_1/bd/base/synth/base.v:661]
WARNING: [Synth 8-7023] instance 'rst_ps7_0_100M' of module 'base_rst_ps7_0_100M_0' has 10 connections declared, but only 7 given [c:/Xilinx/PYNQ/boards/Pynq-Z1/base/InfoProc-Lab-3/myproj/project_1.gen/sources_1/bd/base/synth/base.v:661]
INFO: [Synth 8-6157] synthesizing module 'base_rst_ps7_0_100M_1_0' [C:/Xilinx/PYNQ/boards/Pynq-Z1/base/InfoProc-Lab-3/myproj/project_1.runs/synth_1/.Xil/Vivado-31380-NH/realtime/base_rst_ps7_0_100M_1_0_stub.v:6]
INFO: [Synth 8-6155] done synthesizing module 'base_rst_ps7_0_100M_1_0' (21#1) [C:/Xilinx/PYNQ/boards/Pynq-Z1/base/InfoProc-Lab-3/myproj/project_1.runs/synth_1/.Xil/Vivado-31380-NH/realtime/base_rst_ps7_0_100M_1_0_stub.v:6]
WARNING: [Synth 8-7071] port 'mb_reset' of module 'base_rst_ps7_0_100M_1_0' is unconnected for instance 'rst_ps7_0_100M_1' [c:/Xilinx/PYNQ/boards/Pynq-Z1/base/InfoProc-Lab-3/myproj/project_1.gen/sources_1/bd/base/synth/base.v:669]
WARNING: [Synth 8-7071] port 'bus_struct_reset' of module 'base_rst_ps7_0_100M_1_0' is unconnected for instance 'rst_ps7_0_100M_1' [c:/Xilinx/PYNQ/boards/Pynq-Z1/base/InfoProc-Lab-3/myproj/project_1.gen/sources_1/bd/base/synth/base.v:669]
WARNING: [Synth 8-7071] port 'peripheral_reset' of module 'base_rst_ps7_0_100M_1_0' is unconnected for instance 'rst_ps7_0_100M_1' [c:/Xilinx/PYNQ/boards/Pynq-Z1/base/InfoProc-Lab-3/myproj/project_1.gen/sources_1/bd/base/synth/base.v:669]
WARNING: [Synth 8-7071] port 'interconnect_aresetn' of module 'base_rst_ps7_0_100M_1_0' is unconnected for instance 'rst_ps7_0_100M_1' [c:/Xilinx/PYNQ/boards/Pynq-Z1/base/InfoProc-Lab-3/myproj/project_1.gen/sources_1/bd/base/synth/base.v:669]
WARNING: [Synth 8-7023] instance 'rst_ps7_0_100M_1' of module 'base_rst_ps7_0_100M_1_0' has 10 connections declared, but only 6 given [c:/Xilinx/PYNQ/boards/Pynq-Z1/base/InfoProc-Lab-3/myproj/project_1.gen/sources_1/bd/base/synth/base.v:669]
INFO: [Synth 8-6071] Mark debug on the nets applies keep_hierarchy on instance 'pdm_microphone_0'. This will prevent further optimization [c:/Xilinx/PYNQ/boards/Pynq-Z1/base/InfoProc-Lab-3/myproj/project_1.gen/sources_1/bd/base/synth/base.v:323]
INFO: [Synth 8-6071] Mark debug on the nets applies keep_hierarchy on instance 'ila_0'. This will prevent further optimization [c:/Xilinx/PYNQ/boards/Pynq-Z1/base/InfoProc-Lab-3/myproj/project_1.gen/sources_1/bd/base/synth/base.v:277]
INFO: [Synth 8-6071] Mark debug on the nets applies keep_hierarchy on instance 'audio_direct_0'. This will prevent further optimization [c:/Xilinx/PYNQ/boards/Pynq-Z1/base/InfoProc-Lab-3/myproj/project_1.gen/sources_1/bd/base/synth/base.v:223]
INFO: [Synth 8-6155] done synthesizing module 'base' (22#1) [c:/Xilinx/PYNQ/boards/Pynq-Z1/base/InfoProc-Lab-3/myproj/project_1.gen/sources_1/bd/base/synth/base.v:13]
INFO: [Synth 8-6155] done synthesizing module 'base_wrapper' (23#1) [C:/Xilinx/PYNQ/boards/Pynq-Z1/base/InfoProc-Lab-3/myproj/project_1.gen/sources_1/bd/base/hdl/base_wrapper.v:12]
---------------------------------------------------------------------------------
Finished RTL Elaboration : Time (s): cpu = 00:00:03 ; elapsed = 00:00:03 . Memory (MB): peak = 1242.590 ; gain = 134.867
---------------------------------------------------------------------------------
---------------------------------------------------------------------------------
Start Handling Custom Attributes
---------------------------------------------------------------------------------
---------------------------------------------------------------------------------
Finished Handling Custom Attributes : Time (s): cpu = 00:00:04 ; elapsed = 00:00:03 . Memory (MB): peak = 1242.590 ; gain = 134.867
---------------------------------------------------------------------------------
---------------------------------------------------------------------------------
Finished RTL Optimization Phase 1 : Time (s): cpu = 00:00:04 ; elapsed = 00:00:03 . Memory (MB): peak = 1242.590 ; gain = 134.867
---------------------------------------------------------------------------------
Netlist sorting complete. Time (s): cpu = 00:00:00 ; elapsed = 00:00:00.018 . Memory (MB): peak = 1242.590 ; gain = 0.000
INFO: [Project 1-570] Preparing netlist for logic optimization

Processing XDC Constraints
Initializing timing engine
Parsing XDC File [c:/Xilinx/PYNQ/boards/Pynq-Z1/base/InfoProc-Lab-3/myproj/project_1.gen/sources_1/bd/base/ip/base_ps7_0_0/base_ps7_0_0/base_ps7_0_0_in_context.xdc] for cell 'base_i/ps7_0'
Finished Parsing XDC File [c:/Xilinx/PYNQ/boards/Pynq-Z1/base/InfoProc-Lab-3/myproj/project_1.gen/sources_1/bd/base/ip/base_ps7_0_0/base_ps7_0_0/base_ps7_0_0_in_context.xdc] for cell 'base_i/ps7_0'
Parsing XDC File [c:/Xilinx/PYNQ/boards/Pynq-Z1/base/InfoProc-Lab-3/myproj/project_1.gen/sources_1/bd/base/ip/base_xbar_0/base_xbar_0/base_xbar_0_in_context.xdc] for cell 'base_i/ps7_0_axi_periph/xbar'
Finished Parsing XDC File [c:/Xilinx/PYNQ/boards/Pynq-Z1/base/InfoProc-Lab-3/myproj/project_1.gen/sources_1/bd/base/ip/base_xbar_0/base_xbar_0/base_xbar_0_in_context.xdc] for cell 'base_i/ps7_0_axi_periph/xbar'
Parsing XDC File [c:/Xilinx/PYNQ/boards/Pynq-Z1/base/InfoProc-Lab-3/myproj/project_1.gen/sources_1/bd/base/ip/base_auto_pc_0/base_auto_pc_0/base_auto_pc_0_in_context.xdc] for cell 'base_i/ps7_0_axi_periph/s00_couplers/auto_pc'
Finished Parsing XDC File [c:/Xilinx/PYNQ/boards/Pynq-Z1/base/InfoProc-Lab-3/myproj/project_1.gen/sources_1/bd/base/ip/base_auto_pc_0/base_auto_pc_0/base_auto_pc_0_in_context.xdc] for cell 'base_i/ps7_0_axi_periph/s00_couplers/auto_pc'
Parsing XDC File [c:/Xilinx/PYNQ/boards/Pynq-Z1/base/InfoProc-Lab-3/myproj/project_1.gen/sources_1/bd/base/ip/base_auto_cc_0/base_auto_cc_0/base_auto_cc_0_in_context.xdc] for cell 'base_i/ps7_0_axi_periph/s01_couplers/auto_cc'
Finished Parsing XDC File [c:/Xilinx/PYNQ/boards/Pynq-Z1/base/InfoProc-Lab-3/myproj/project_1.gen/sources_1/bd/base/ip/base_auto_cc_0/base_auto_cc_0/base_auto_cc_0_in_context.xdc] for cell 'base_i/ps7_0_axi_periph/s01_couplers/auto_cc'
Parsing XDC File [c:/Xilinx/PYNQ/boards/Pynq-Z1/base/InfoProc-Lab-3/myproj/project_1.gen/sources_1/bd/base/ip/base_auto_pc_1/base_auto_pc_1/base_auto_pc_0_in_context.xdc] for cell 'base_i/ps7_0_axi_periph/s01_couplers/auto_pc'
Finished Parsing XDC File [c:/Xilinx/PYNQ/boards/Pynq-Z1/base/InfoProc-Lab-3/myproj/project_1.gen/sources_1/bd/base/ip/base_auto_pc_1/base_auto_pc_1/base_auto_pc_0_in_context.xdc] for cell 'base_i/ps7_0_axi_periph/s01_couplers/auto_pc'
Parsing XDC File [c:/Xilinx/PYNQ/boards/Pynq-Z1/base/InfoProc-Lab-3/myproj/project_1.gen/sources_1/bd/base/ip/base_s00_mmu_0/base_s00_mmu_0/base_s00_mmu_0_in_context.xdc] for cell 'base_i/ps7_0_axi_periph/s00_mmu'
Finished Parsing XDC File [c:/Xilinx/PYNQ/boards/Pynq-Z1/base/InfoProc-Lab-3/myproj/project_1.gen/sources_1/bd/base/ip/base_s00_mmu_0/base_s00_mmu_0/base_s00_mmu_0_in_context.xdc] for cell 'base_i/ps7_0_axi_periph/s00_mmu'
Parsing XDC File [c:/Xilinx/PYNQ/boards/Pynq-Z1/base/InfoProc-Lab-3/myproj/project_1.gen/sources_1/bd/base/ip/base_s01_mmu_0/base_s01_mmu_0/base_s01_mmu_0_in_context.xdc] for cell 'base_i/ps7_0_axi_periph/s01_mmu'
Finished Parsing XDC File [c:/Xilinx/PYNQ/boards/Pynq-Z1/base/InfoProc-Lab-3/myproj/project_1.gen/sources_1/bd/base/ip/base_s01_mmu_0/base_s01_mmu_0/base_s01_mmu_0_in_context.xdc] for cell 'base_i/ps7_0_axi_periph/s01_mmu'
Parsing XDC File [c:/Xilinx/PYNQ/boards/Pynq-Z1/base/InfoProc-Lab-3/myproj/project_1.gen/sources_1/bd/base/ip/base_rst_ps7_0_100M_0/base_rst_ps7_0_100M_0/base_rst_ps7_0_100M_0_in_context.xdc] for cell 'base_i/rst_ps7_0_100M'
Finished Parsing XDC File [c:/Xilinx/PYNQ/boards/Pynq-Z1/base/InfoProc-Lab-3/myproj/project_1.gen/sources_1/bd/base/ip/base_rst_ps7_0_100M_0/base_rst_ps7_0_100M_0/base_rst_ps7_0_100M_0_in_context.xdc] for cell 'base_i/rst_ps7_0_100M'
Parsing XDC File [c:/Xilinx/PYNQ/boards/Pynq-Z1/base/InfoProc-Lab-3/myproj/project_1.gen/sources_1/bd/base/ip/base_rst_ps7_0_100M_1_0/base_rst_ps7_0_100M_1_0/base_rst_ps7_0_100M_1_0_in_context.xdc] for cell 'base_i/rst_ps7_0_100M_1'
Finished Parsing XDC File [c:/Xilinx/PYNQ/boards/Pynq-Z1/base/InfoProc-Lab-3/myproj/project_1.gen/sources_1/bd/base/ip/base_rst_ps7_0_100M_1_0/base_rst_ps7_0_100M_1_0/base_rst_ps7_0_100M_1_0_in_context.xdc] for cell 'base_i/rst_ps7_0_100M_1'
Parsing XDC File [c:/Xilinx/PYNQ/boards/Pynq-Z1/base/InfoProc-Lab-3/myproj/project_1.gen/sources_1/bd/base/ip/base_ila_0_1/base_ila_0_1/base_ila_0_1_in_context.xdc] for cell 'base_i/ila_0'
Finished Parsing XDC File [c:/Xilinx/PYNQ/boards/Pynq-Z1/base/InfoProc-Lab-3/myproj/project_1.gen/sources_1/bd/base/ip/base_ila_0_1/base_ila_0_1/base_ila_0_1_in_context.xdc] for cell 'base_i/ila_0'
Parsing XDC File [c:/Xilinx/PYNQ/boards/Pynq-Z1/base/InfoProc-Lab-3/myproj/project_1.gen/sources_1/bd/base/ip/base_axi_gpio_0_2/base_axi_gpio_0_2/base_axi_gpio_0_2_in_context.xdc] for cell 'base_i/axi_gpio_0'
Finished Parsing XDC File [c:/Xilinx/PYNQ/boards/Pynq-Z1/base/InfoProc-Lab-3/myproj/project_1.gen/sources_1/bd/base/ip/base_axi_gpio_0_2/base_axi_gpio_0_2/base_axi_gpio_0_2_in_context.xdc] for cell 'base_i/axi_gpio_0'
Parsing XDC File [c:/Xilinx/PYNQ/boards/Pynq-Z1/base/InfoProc-Lab-3/myproj/project_1.gen/sources_1/bd/base/ip/base_pdm_microphone_0_2/base_pdm_microphone_0_2/base_pdm_microphone_0_2_in_context.xdc] for cell 'base_i/pdm_microphone_0'
Finished Parsing XDC File [c:/Xilinx/PYNQ/boards/Pynq-Z1/base/InfoProc-Lab-3/myproj/project_1.gen/sources_1/bd/base/ip/base_pdm_microphone_0_2/base_pdm_microphone_0_2/base_pdm_microphone_0_2_in_context.xdc] for cell 'base_i/pdm_microphone_0'
Parsing XDC File [c:/Xilinx/PYNQ/boards/Pynq-Z1/base/InfoProc-Lab-3/myproj/project_1.gen/sources_1/bd/base/ip/base_audio_direct_0_3/base_audio_direct_0_3/base_audio_direct_0_3_in_context.xdc] for cell 'base_i/audio_direct_0'
Finished Parsing XDC File [c:/Xilinx/PYNQ/boards/Pynq-Z1/base/InfoProc-Lab-3/myproj/project_1.gen/sources_1/bd/base/ip/base_audio_direct_0_3/base_audio_direct_0_3/base_audio_direct_0_3_in_context.xdc] for cell 'base_i/audio_direct_0'
Parsing XDC File [C:/Xilinx/PYNQ/boards/Pynq-Z1/base/InfoProc-Lab-3/myproj/project_1.srcs/constrs_1/imports/base/base.xdc]
WARNING: [Vivado 12-584] No ports matched 'sws_2bits_tri_i[0]'. [C:/Xilinx/PYNQ/boards/Pynq-Z1/base/InfoProc-Lab-3/myproj/project_1.srcs/constrs_1/imports/base/base.xdc:2]
WARNING: [Vivado 12-584] No ports matched 'sws_2bits_tri_i[1]'. [C:/Xilinx/PYNQ/boards/Pynq-Z1/base/InfoProc-Lab-3/myproj/project_1.srcs/constrs_1/imports/base/base.xdc:3]
WARNING: [Vivado 12-584] No ports matched 'leds_4bits_tri_o[0]'. [C:/Xilinx/PYNQ/boards/Pynq-Z1/base/InfoProc-Lab-3/myproj/project_1.srcs/constrs_1/imports/base/base.xdc:12]
WARNING: [Vivado 12-584] No ports matched 'leds_4bits_tri_o[1]'. [C:/Xilinx/PYNQ/boards/Pynq-Z1/base/InfoProc-Lab-3/myproj/project_1.srcs/constrs_1/imports/base/base.xdc:13]
WARNING: [Vivado 12-584] No ports matched 'leds_4bits_tri_o[2]'. [C:/Xilinx/PYNQ/boards/Pynq-Z1/base/InfoProc-Lab-3/myproj/project_1.srcs/constrs_1/imports/base/base.xdc:14]
WARNING: [Vivado 12-584] No ports matched 'leds_4bits_tri_o[3]'. [C:/Xilinx/PYNQ/boards/Pynq-Z1/base/InfoProc-Lab-3/myproj/project_1.srcs/constrs_1/imports/base/base.xdc:15]
WARNING: [Vivado 12-584] No ports matched 'rgbleds_6bits_tri_o[0]'. [C:/Xilinx/PYNQ/boards/Pynq-Z1/base/InfoProc-Lab-3/myproj/project_1.srcs/constrs_1/imports/base/base.xdc:18]
WARNING: [Vivado 12-584] No ports matched 'rgbleds_6bits_tri_o[1]'. [C:/Xilinx/PYNQ/boards/Pynq-Z1/base/InfoProc-Lab-3/myproj/project_1.srcs/constrs_1/imports/base/base.xdc:19]
WARNING: [Vivado 12-584] No ports matched 'rgbleds_6bits_tri_o[2]'. [C:/Xilinx/PYNQ/boards/Pynq-Z1/base/InfoProc-Lab-3/myproj/project_1.srcs/constrs_1/imports/base/base.xdc:20]
WARNING: [Vivado 12-584] No ports matched 'rgbleds_6bits_tri_o[3]'. [C:/Xilinx/PYNQ/boards/Pynq-Z1/base/InfoProc-Lab-3/myproj/project_1.srcs/constrs_1/imports/base/base.xdc:21]
WARNING: [Vivado 12-584] No ports matched 'rgbleds_6bits_tri_o[4]'. [C:/Xilinx/PYNQ/boards/Pynq-Z1/base/InfoProc-Lab-3/myproj/project_1.srcs/constrs_1/imports/base/base.xdc:22]
WARNING: [Vivado 12-584] No ports matched 'rgbleds_6bits_tri_o[5]'. [C:/Xilinx/PYNQ/boards/Pynq-Z1/base/InfoProc-Lab-3/myproj/project_1.srcs/constrs_1/imports/base/base.xdc:23]
WARNING: [Vivado 12-584] No ports matched 'hdmi_in_clk_p'. [C:/Xilinx/PYNQ/boards/Pynq-Z1/base/InfoProc-Lab-3/myproj/project_1.srcs/constrs_1/imports/base/base.xdc:34]
WARNING: [Vivado 12-584] No ports matched 'hdmi_in_clk_n'. [C:/Xilinx/PYNQ/boards/Pynq-Z1/base/InfoProc-Lab-3/myproj/project_1.srcs/constrs_1/imports/base/base.xdc:35]
WARNING: [Vivado 12-584] No ports matched 'hdmi_in_clk_p'. [C:/Xilinx/PYNQ/boards/Pynq-Z1/base/InfoProc-Lab-3/myproj/project_1.srcs/constrs_1/imports/base/base.xdc:36]
WARNING: [Vivado 12-584] No ports matched 'hdmi_in_data_n[0]'. [C:/Xilinx/PYNQ/boards/Pynq-Z1/base/InfoProc-Lab-3/myproj/project_1.srcs/constrs_1/imports/base/base.xdc:37]
WARNING: [Vivado 12-584] No ports matched 'hdmi_in_data_p[0]'. [C:/Xilinx/PYNQ/boards/Pynq-Z1/base/InfoProc-Lab-3/myproj/project_1.srcs/constrs_1/imports/base/base.xdc:38]
WARNING: [Vivado 12-584] No ports matched 'hdmi_in_data_n[1]'. [C:/Xilinx/PYNQ/boards/Pynq-Z1/base/InfoProc-Lab-3/myproj/project_1.srcs/constrs_1/imports/base/base.xdc:39]
WARNING: [Vivado 12-584] No ports matched 'hdmi_in_data_p[1]'. [C:/Xilinx/PYNQ/boards/Pynq-Z1/base/InfoProc-Lab-3/myproj/project_1.srcs/constrs_1/imports/base/base.xdc:40]
WARNING: [Vivado 12-584] No ports matched 'hdmi_in_data_n[2]'. [C:/Xilinx/PYNQ/boards/Pynq-Z1/base/InfoProc-Lab-3/myproj/project_1.srcs/constrs_1/imports/base/base.xdc:41]
WARNING: [Vivado 12-584] No ports matched 'hdmi_in_data_p[2]'. [C:/Xilinx/PYNQ/boards/Pynq-Z1/base/InfoProc-Lab-3/myproj/project_1.srcs/constrs_1/imports/base/base.xdc:42]
WARNING: [Vivado 12-584] No ports matched 'hdmi_in_hpd[0]'. [C:/Xilinx/PYNQ/boards/Pynq-Z1/base/InfoProc-Lab-3/myproj/project_1.srcs/constrs_1/imports/base/base.xdc:43]
WARNING: [Vivado 12-584] No ports matched 'hdmi_in_ddc_scl_io'. [C:/Xilinx/PYNQ/boards/Pynq-Z1/base/InfoProc-Lab-3/myproj/project_1.srcs/constrs_1/imports/base/base.xdc:44]
WARNING: [Vivado 12-584] No ports matched 'hdmi_in_ddc_sda_io'. [C:/Xilinx/PYNQ/boards/Pynq-Z1/base/InfoProc-Lab-3/myproj/project_1.srcs/constrs_1/imports/base/base.xdc:45]
WARNING: [Vivado 12-584] No ports matched 'hdmi_out_clk_n'. [C:/Xilinx/PYNQ/boards/Pynq-Z1/base/InfoProc-Lab-3/myproj/project_1.srcs/constrs_1/imports/base/base.xdc:46]
WARNING: [Vivado 12-584] No ports matched 'hdmi_out_clk_p'. [C:/Xilinx/PYNQ/boards/Pynq-Z1/base/InfoProc-Lab-3/myproj/project_1.srcs/constrs_1/imports/base/base.xdc:47]
WARNING: [Vivado 12-584] No ports matched 'hdmi_out_data_n[0]'. [C:/Xilinx/PYNQ/boards/Pynq-Z1/base/InfoProc-Lab-3/myproj/project_1.srcs/constrs_1/imports/base/base.xdc:48]
WARNING: [Vivado 12-584] No ports matched 'hdmi_out_data_p[0]'. [C:/Xilinx/PYNQ/boards/Pynq-Z1/base/InfoProc-Lab-3/myproj/project_1.srcs/constrs_1/imports/base/base.xdc:49]
WARNING: [Vivado 12-584] No ports matched 'hdmi_out_data_n[1]'. [C:/Xilinx/PYNQ/boards/Pynq-Z1/base/InfoProc-Lab-3/myproj/project_1.srcs/constrs_1/imports/base/base.xdc:50]
WARNING: [Vivado 12-584] No ports matched 'hdmi_out_data_p[1]'. [C:/Xilinx/PYNQ/boards/Pynq-Z1/base/InfoProc-Lab-3/myproj/project_1.srcs/constrs_1/imports/base/base.xdc:51]
WARNING: [Vivado 12-584] No ports matched 'hdmi_out_data_n[2]'. [C:/Xilinx/PYNQ/boards/Pynq-Z1/base/InfoProc-Lab-3/myproj/project_1.srcs/constrs_1/imports/base/base.xdc:52]
WARNING: [Vivado 12-584] No ports matched 'hdmi_out_data_p[2]'. [C:/Xilinx/PYNQ/boards/Pynq-Z1/base/InfoProc-Lab-3/myproj/project_1.srcs/constrs_1/imports/base/base.xdc:53]
WARNING: [Vivado 12-584] No ports matched 'hdmi_out_hpd[0]'. [C:/Xilinx/PYNQ/boards/Pynq-Z1/base/InfoProc-Lab-3/myproj/project_1.srcs/constrs_1/imports/base/base.xdc:54]
WARNING: [Vivado 12-584] No ports matched 'hdmi_out_ddc_scl_io'. [C:/Xilinx/PYNQ/boards/Pynq-Z1/base/InfoProc-Lab-3/myproj/project_1.srcs/constrs_1/imports/base/base.xdc:55]
WARNING: [Vivado 12-584] No ports matched 'hdmi_out_ddc_sda_io'. [C:/Xilinx/PYNQ/boards/Pynq-Z1/base/InfoProc-Lab-3/myproj/project_1.srcs/constrs_1/imports/base/base.xdc:56]
WARNING: [Vivado 12-584] No ports matched 'pmoda_gpio_tri_io[1]'. [C:/Xilinx/PYNQ/boards/Pynq-Z1/base/InfoProc-Lab-3/myproj/project_1.srcs/constrs_1/imports/base/base.xdc:59]
WARNING: [Vivado 12-584] No ports matched 'pmoda_gpio_tri_io[0]'. [C:/Xilinx/PYNQ/boards/Pynq-Z1/base/InfoProc-Lab-3/myproj/project_1.srcs/constrs_1/imports/base/base.xdc:60]
WARNING: [Vivado 12-584] No ports matched 'pmoda_gpio_tri_io[3]'. [C:/Xilinx/PYNQ/boards/Pynq-Z1/base/InfoProc-Lab-3/myproj/project_1.srcs/constrs_1/imports/base/base.xdc:61]
WARNING: [Vivado 12-584] No ports matched 'pmoda_gpio_tri_io[2]'. [C:/Xilinx/PYNQ/boards/Pynq-Z1/base/InfoProc-Lab-3/myproj/project_1.srcs/constrs_1/imports/base/base.xdc:62]
WARNING: [Vivado 12-584] No ports matched 'pmoda_gpio_tri_io[5]'. [C:/Xilinx/PYNQ/boards/Pynq-Z1/base/InfoProc-Lab-3/myproj/project_1.srcs/constrs_1/imports/base/base.xdc:63]
WARNING: [Vivado 12-584] No ports matched 'pmoda_gpio_tri_io[4]'. [C:/Xilinx/PYNQ/boards/Pynq-Z1/base/InfoProc-Lab-3/myproj/project_1.srcs/constrs_1/imports/base/base.xdc:64]
WARNING: [Vivado 12-584] No ports matched 'pmoda_gpio_tri_io[7]'. [C:/Xilinx/PYNQ/boards/Pynq-Z1/base/InfoProc-Lab-3/myproj/project_1.srcs/constrs_1/imports/base/base.xdc:65]
WARNING: [Vivado 12-584] No ports matched 'pmoda_gpio_tri_io[6]'. [C:/Xilinx/PYNQ/boards/Pynq-Z1/base/InfoProc-Lab-3/myproj/project_1.srcs/constrs_1/imports/base/base.xdc:66]
WARNING: [Vivado 12-584] No ports matched 'pmoda_gpio_tri_io[2]'. [C:/Xilinx/PYNQ/boards/Pynq-Z1/base/InfoProc-Lab-3/myproj/project_1.srcs/constrs_1/imports/base/base.xdc:67]
WARNING: [Vivado 12-584] No ports matched 'pmoda_gpio_tri_io[3]'. [C:/Xilinx/PYNQ/boards/Pynq-Z1/base/InfoProc-Lab-3/myproj/project_1.srcs/constrs_1/imports/base/base.xdc:68]
WARNING: [Vivado 12-584] No ports matched 'pmoda_gpio_tri_io[6]'. [C:/Xilinx/PYNQ/boards/Pynq-Z1/base/InfoProc-Lab-3/myproj/project_1.srcs/constrs_1/imports/base/base.xdc:69]
WARNING: [Vivado 12-584] No ports matched 'pmoda_gpio_tri_io[7]'. [C:/Xilinx/PYNQ/boards/Pynq-Z1/base/InfoProc-Lab-3/myproj/project_1.srcs/constrs_1/imports/base/base.xdc:70]
WARNING: [Vivado 12-584] No ports matched 'pmodb_gpio_tri_io[1]'. [C:/Xilinx/PYNQ/boards/Pynq-Z1/base/InfoProc-Lab-3/myproj/project_1.srcs/constrs_1/imports/base/base.xdc:73]
WARNING: [Vivado 12-584] No ports matched 'pmodb_gpio_tri_io[0]'. [C:/Xilinx/PYNQ/boards/Pynq-Z1/base/InfoProc-Lab-3/myproj/project_1.srcs/constrs_1/imports/base/base.xdc:74]
WARNING: [Vivado 12-584] No ports matched 'pmodb_gpio_tri_io[3]'. [C:/Xilinx/PYNQ/boards/Pynq-Z1/base/InfoProc-Lab-3/myproj/project_1.srcs/constrs_1/imports/base/base.xdc:75]
WARNING: [Vivado 12-584] No ports matched 'pmodb_gpio_tri_io[2]'. [C:/Xilinx/PYNQ/boards/Pynq-Z1/base/InfoProc-Lab-3/myproj/project_1.srcs/constrs_1/imports/base/base.xdc:76]
WARNING: [Vivado 12-584] No ports matched 'pmodb_gpio_tri_io[5]'. [C:/Xilinx/PYNQ/boards/Pynq-Z1/base/InfoProc-Lab-3/myproj/project_1.srcs/constrs_1/imports/base/base.xdc:77]
WARNING: [Vivado 12-584] No ports matched 'pmodb_gpio_tri_io[4]'. [C:/Xilinx/PYNQ/boards/Pynq-Z1/base/InfoProc-Lab-3/myproj/project_1.srcs/constrs_1/imports/base/base.xdc:78]
WARNING: [Vivado 12-584] No ports matched 'pmodb_gpio_tri_io[7]'. [C:/Xilinx/PYNQ/boards/Pynq-Z1/base/InfoProc-Lab-3/myproj/project_1.srcs/constrs_1/imports/base/base.xdc:79]
WARNING: [Vivado 12-584] No ports matched 'pmodb_gpio_tri_io[6]'. [C:/Xilinx/PYNQ/boards/Pynq-Z1/base/InfoProc-Lab-3/myproj/project_1.srcs/constrs_1/imports/base/base.xdc:80]
WARNING: [Vivado 12-584] No ports matched 'pmodb_gpio_tri_io[2]'. [C:/Xilinx/PYNQ/boards/Pynq-Z1/base/InfoProc-Lab-3/myproj/project_1.srcs/constrs_1/imports/base/base.xdc:81]
WARNING: [Vivado 12-584] No ports matched 'pmodb_gpio_tri_io[3]'. [C:/Xilinx/PYNQ/boards/Pynq-Z1/base/InfoProc-Lab-3/myproj/project_1.srcs/constrs_1/imports/base/base.xdc:82]
WARNING: [Vivado 12-584] No ports matched 'pmodb_gpio_tri_io[6]'. [C:/Xilinx/PYNQ/boards/Pynq-Z1/base/InfoProc-Lab-3/myproj/project_1.srcs/constrs_1/imports/base/base.xdc:83]
WARNING: [Vivado 12-584] No ports matched 'pmodb_gpio_tri_io[7]'. [C:/Xilinx/PYNQ/boards/Pynq-Z1/base/InfoProc-Lab-3/myproj/project_1.srcs/constrs_1/imports/base/base.xdc:84]
WARNING: [Vivado 12-584] No ports matched 'arduino_gpio_tri_io[0]'. [C:/Xilinx/PYNQ/boards/Pynq-Z1/base/InfoProc-Lab-3/myproj/project_1.srcs/constrs_1/imports/base/base.xdc:87]
WARNING: [Vivado 12-584] No ports matched 'arduino_gpio_tri_io[1]'. [C:/Xilinx/PYNQ/boards/Pynq-Z1/base/InfoProc-Lab-3/myproj/project_1.srcs/constrs_1/imports/base/base.xdc:88]
WARNING: [Vivado 12-584] No ports matched 'arduino_gpio_tri_io[2]'. [C:/Xilinx/PYNQ/boards/Pynq-Z1/base/InfoProc-Lab-3/myproj/project_1.srcs/constrs_1/imports/base/base.xdc:89]
WARNING: [Vivado 12-584] No ports matched 'arduino_gpio_tri_io[3]'. [C:/Xilinx/PYNQ/boards/Pynq-Z1/base/InfoProc-Lab-3/myproj/project_1.srcs/constrs_1/imports/base/base.xdc:90]
WARNING: [Vivado 12-584] No ports matched 'arduino_gpio_tri_io[4]'. [C:/Xilinx/PYNQ/boards/Pynq-Z1/base/InfoProc-Lab-3/myproj/project_1.srcs/constrs_1/imports/base/base.xdc:91]
WARNING: [Vivado 12-584] No ports matched 'arduino_gpio_tri_io[5]'. [C:/Xilinx/PYNQ/boards/Pynq-Z1/base/InfoProc-Lab-3/myproj/project_1.srcs/constrs_1/imports/base/base.xdc:92]
WARNING: [Vivado 12-584] No ports matched 'arduino_gpio_tri_io[6]'. [C:/Xilinx/PYNQ/boards/Pynq-Z1/base/InfoProc-Lab-3/myproj/project_1.srcs/constrs_1/imports/base/base.xdc:93]
WARNING: [Vivado 12-584] No ports matched 'arduino_gpio_tri_io[7]'. [C:/Xilinx/PYNQ/boards/Pynq-Z1/base/InfoProc-Lab-3/myproj/project_1.srcs/constrs_1/imports/base/base.xdc:94]
WARNING: [Vivado 12-584] No ports matched 'arduino_gpio_tri_io[8]'. [C:/Xilinx/PYNQ/boards/Pynq-Z1/base/InfoProc-Lab-3/myproj/project_1.srcs/constrs_1/imports/base/base.xdc:95]
WARNING: [Vivado 12-584] No ports matched 'arduino_gpio_tri_io[9]'. [C:/Xilinx/PYNQ/boards/Pynq-Z1/base/InfoProc-Lab-3/myproj/project_1.srcs/constrs_1/imports/base/base.xdc:96]
WARNING: [Vivado 12-584] No ports matched 'arduino_gpio_tri_io[10]'. [C:/Xilinx/PYNQ/boards/Pynq-Z1/base/InfoProc-Lab-3/myproj/project_1.srcs/constrs_1/imports/base/base.xdc:97]
WARNING: [Vivado 12-584] No ports matched 'arduino_gpio_tri_io[11]'. [C:/Xilinx/PYNQ/boards/Pynq-Z1/base/InfoProc-Lab-3/myproj/project_1.srcs/constrs_1/imports/base/base.xdc:98]
WARNING: [Vivado 12-584] No ports matched 'arduino_gpio_tri_io[12]'. [C:/Xilinx/PYNQ/boards/Pynq-Z1/base/InfoProc-Lab-3/myproj/project_1.srcs/constrs_1/imports/base/base.xdc:99]
WARNING: [Vivado 12-584] No ports matched 'arduino_gpio_tri_io[13]'. [C:/Xilinx/PYNQ/boards/Pynq-Z1/base/InfoProc-Lab-3/myproj/project_1.srcs/constrs_1/imports/base/base.xdc:100]
WARNING: [Vivado 12-584] No ports matched 'arduino_direct_iic_scl_io'. [C:/Xilinx/PYNQ/boards/Pynq-Z1/base/InfoProc-Lab-3/myproj/project_1.srcs/constrs_1/imports/base/base.xdc:101]
WARNING: [Vivado 12-584] No ports matched 'arduino_direct_iic_sda_io'. [C:/Xilinx/PYNQ/boards/Pynq-Z1/base/InfoProc-Lab-3/myproj/project_1.srcs/constrs_1/imports/base/base.xdc:102]
WARNING: [Vivado 12-584] No ports matched 'arduino_direct_spi_io1_io'. [C:/Xilinx/PYNQ/boards/Pynq-Z1/base/InfoProc-Lab-3/myproj/project_1.srcs/constrs_1/imports/base/base.xdc:103]
WARNING: [Vivado 12-584] No ports matched 'arduino_direct_spi_io0_io'. [C:/Xilinx/PYNQ/boards/Pynq-Z1/base/InfoProc-Lab-3/myproj/project_1.srcs/constrs_1/imports/base/base.xdc:104]
WARNING: [Vivado 12-584] No ports matched 'arduino_direct_spi_sck_io'. [C:/Xilinx/PYNQ/boards/Pynq-Z1/base/InfoProc-Lab-3/myproj/project_1.srcs/constrs_1/imports/base/base.xdc:105]
WARNING: [Vivado 12-584] No ports matched 'arduino_direct_spi_ss_io'. [C:/Xilinx/PYNQ/boards/Pynq-Z1/base/InfoProc-Lab-3/myproj/project_1.srcs/constrs_1/imports/base/base.xdc:106]
WARNING: [Vivado 12-584] No ports matched 'arduino_gpio_tri_io[19]'. [C:/Xilinx/PYNQ/boards/Pynq-Z1/base/InfoProc-Lab-3/myproj/project_1.srcs/constrs_1/imports/base/base.xdc:107]
WARNING: [Vivado 12-584] No ports matched 'arduino_gpio_tri_io[18]'. [C:/Xilinx/PYNQ/boards/Pynq-Z1/base/InfoProc-Lab-3/myproj/project_1.srcs/constrs_1/imports/base/base.xdc:108]
WARNING: [Vivado 12-584] No ports matched 'arduino_gpio_tri_io[17]'. [C:/Xilinx/PYNQ/boards/Pynq-Z1/base/InfoProc-Lab-3/myproj/project_1.srcs/constrs_1/imports/base/base.xdc:109]
WARNING: [Vivado 12-584] No ports matched 'arduino_gpio_tri_io[16]'. [C:/Xilinx/PYNQ/boards/Pynq-Z1/base/InfoProc-Lab-3/myproj/project_1.srcs/constrs_1/imports/base/base.xdc:110]
WARNING: [Vivado 12-584] No ports matched 'arduino_gpio_tri_io[15]'. [C:/Xilinx/PYNQ/boards/Pynq-Z1/base/InfoProc-Lab-3/myproj/project_1.srcs/constrs_1/imports/base/base.xdc:111]
WARNING: [Vivado 12-584] No ports matched 'arduino_gpio_tri_io[14]'. [C:/Xilinx/PYNQ/boards/Pynq-Z1/base/InfoProc-Lab-3/myproj/project_1.srcs/constrs_1/imports/base/base.xdc:112]
WARNING: [Vivado 12-584] No ports matched 'Vaux1_v_n'. [C:/Xilinx/PYNQ/boards/Pynq-Z1/base/InfoProc-Lab-3/myproj/project_1.srcs/constrs_1/imports/base/base.xdc:115]
WARNING: [Vivado 12-584] No ports matched 'Vaux1_v_p'. [C:/Xilinx/PYNQ/boards/Pynq-Z1/base/InfoProc-Lab-3/myproj/project_1.srcs/constrs_1/imports/base/base.xdc:116]
WARNING: [Vivado 12-584] No ports matched 'Vaux9_v_n'. [C:/Xilinx/PYNQ/boards/Pynq-Z1/base/InfoProc-Lab-3/myproj/project_1.srcs/constrs_1/imports/base/base.xdc:117]
WARNING: [Vivado 12-584] No ports matched 'Vaux9_v_p'. [C:/Xilinx/PYNQ/boards/Pynq-Z1/base/InfoProc-Lab-3/myproj/project_1.srcs/constrs_1/imports/base/base.xdc:118]
WARNING: [Vivado 12-584] No ports matched 'Vaux6_v_n'. [C:/Xilinx/PYNQ/boards/Pynq-Z1/base/InfoProc-Lab-3/myproj/project_1.srcs/constrs_1/imports/base/base.xdc:119]
WARNING: [Vivado 12-584] No ports matched 'Vaux6_v_p'. [C:/Xilinx/PYNQ/boards/Pynq-Z1/base/InfoProc-Lab-3/myproj/project_1.srcs/constrs_1/imports/base/base.xdc:120]
WARNING: [Vivado 12-584] No ports matched 'Vaux15_v_n'. [C:/Xilinx/PYNQ/boards/Pynq-Z1/base/InfoProc-Lab-3/myproj/project_1.srcs/constrs_1/imports/base/base.xdc:121]
WARNING: [Vivado 12-584] No ports matched 'Vaux15_v_p'. [C:/Xilinx/PYNQ/boards/Pynq-Z1/base/InfoProc-Lab-3/myproj/project_1.srcs/constrs_1/imports/base/base.xdc:122]
WARNING: [Vivado 12-584] No ports matched 'Vaux5_v_n'. [C:/Xilinx/PYNQ/boards/Pynq-Z1/base/InfoProc-Lab-3/myproj/project_1.srcs/constrs_1/imports/base/base.xdc:123]
WARNING: [Vivado 12-584] No ports matched 'Vaux5_v_p'. [C:/Xilinx/PYNQ/boards/Pynq-Z1/base/InfoProc-Lab-3/myproj/project_1.srcs/constrs_1/imports/base/base.xdc:124]
WARNING: [Vivado 12-584] No ports matched 'Vaux13_v_n'. [C:/Xilinx/PYNQ/boards/Pynq-Z1/base/InfoProc-Lab-3/myproj/project_1.srcs/constrs_1/imports/base/base.xdc:125]
WARNING: [Vivado 12-584] No ports matched 'Vaux13_v_p'. [C:/Xilinx/PYNQ/boards/Pynq-Z1/base/InfoProc-Lab-3/myproj/project_1.srcs/constrs_1/imports/base/base.xdc:126]
WARNING: [Vivado 12-584] No ports matched 'ck_gpio_tri_io[0]'. [C:/Xilinx/PYNQ/boards/Pynq-Z1/base/InfoProc-Lab-3/myproj/project_1.srcs/constrs_1/imports/base/base.xdc:129]
WARNING: [Vivado 12-584] No ports matched 'ck_gpio_tri_io[1]'. [C:/Xilinx/PYNQ/boards/Pynq-Z1/base/InfoProc-Lab-3/myproj/project_1.srcs/constrs_1/imports/base/base.xdc:130]
WARNING: [Vivado 12-584] No ports matched 'ck_gpio_tri_io[2]'. [C:/Xilinx/PYNQ/boards/Pynq-Z1/base/InfoProc-Lab-3/myproj/project_1.srcs/constrs_1/imports/base/base.xdc:131]
INFO: [Common 17-14] Message 'Vivado 12-584' appears 100 times and further instances of the messages will be disabled. Use the Tcl command set_msg_config to change the current settings. [C:/Xilinx/PYNQ/boards/Pynq-Z1/base/InfoProc-Lab-3/myproj/project_1.srcs/constrs_1/imports/base/base.xdc:131]
Finished Parsing XDC File [C:/Xilinx/PYNQ/boards/Pynq-Z1/base/InfoProc-Lab-3/myproj/project_1.srcs/constrs_1/imports/base/base.xdc]
WARNING: [Project 1-498] One or more constraints failed evaluation while reading constraint file [C:/Xilinx/PYNQ/boards/Pynq-Z1/base/InfoProc-Lab-3/myproj/project_1.srcs/constrs_1/imports/base/base.xdc] and the design contains unresolved black boxes. These constraints will be read post-synthesis (as long as their source constraint file is marked as used_in_implementation) and should be applied correctly then. You should review the constraints listed in the file [.Xil/base_wrapper_propImpl.xdc] and check the run log file to verify that these constraints were correctly applied.
INFO: [Project 1-236] Implementation specific constraints were found while reading constraint file [C:/Xilinx/PYNQ/boards/Pynq-Z1/base/InfoProc-Lab-3/myproj/project_1.srcs/constrs_1/imports/base/base.xdc]. These constraints will be ignored for synthesis but will be used in implementation. Impacted constraints are listed in the file [.Xil/base_wrapper_propImpl.xdc].
Resolution: To avoid this warning, move constraints listed in [.Xil/base_wrapper_propImpl.xdc] to another XDC file and exclude this new file from synthesis with the used_in_synthesis property (File Properties dialog in GUI) and re-run elaboration/synthesis.
Parsing XDC File [C:/Xilinx/PYNQ/boards/Pynq-Z1/base/InfoProc-Lab-3/myproj/project_1.runs/synth_1/dont_touch.xdc]
Finished Parsing XDC File [C:/Xilinx/PYNQ/boards/Pynq-Z1/base/InfoProc-Lab-3/myproj/project_1.runs/synth_1/dont_touch.xdc]
Completed Processing XDC Constraints

Netlist sorting complete. Time (s): cpu = 00:00:00 ; elapsed = 00:00:00 . Memory (MB): peak = 1281.613 ; gain = 0.000
INFO: [Project 1-111] Unisim Transformation Summary:
No Unisim elements were transformed.

Constraint Validation Runtime : Time (s): cpu = 00:00:00 ; elapsed = 00:00:00.005 . Memory (MB): peak = 1281.613 ; gain = 0.000
---------------------------------------------------------------------------------
Finished Constraint Validation : Time (s): cpu = 00:00:07 ; elapsed = 00:00:07 . Memory (MB): peak = 1281.613 ; gain = 173.891
---------------------------------------------------------------------------------
---------------------------------------------------------------------------------
Start Loading Part and Timing Information
---------------------------------------------------------------------------------
Loading part: xc7z020clg400-1
---------------------------------------------------------------------------------
Finished Loading Part and Timing Information : Time (s): cpu = 00:00:07 ; elapsed = 00:00:07 . Memory (MB): peak = 1281.613 ; gain = 173.891
---------------------------------------------------------------------------------
---------------------------------------------------------------------------------
Start Applying 'set_property' XDC Constraints
---------------------------------------------------------------------------------
Applied set_property IO_BUFFER_TYPE = NONE for DDR_addr[0]. (constraint file  c:/Xilinx/PYNQ/boards/Pynq-Z1/base/InfoProc-Lab-3/myproj/project_1.gen/sources_1/bd/base/ip/base_ps7_0_0/base_ps7_0_0/base_ps7_0_0_in_context.xdc, line 5).
Applied set_property CLOCK_BUFFER_TYPE = NONE for DDR_addr[0]. (constraint file  c:/Xilinx/PYNQ/boards/Pynq-Z1/base/InfoProc-Lab-3/myproj/project_1.gen/sources_1/bd/base/ip/base_ps7_0_0/base_ps7_0_0/base_ps7_0_0_in_context.xdc, line 6).
Applied set_property IO_BUFFER_TYPE = NONE for DDR_addr[10]. (constraint file  c:/Xilinx/PYNQ/boards/Pynq-Z1/base/InfoProc-Lab-3/myproj/project_1.gen/sources_1/bd/base/ip/base_ps7_0_0/base_ps7_0_0/base_ps7_0_0_in_context.xdc, line 7).
Applied set_property CLOCK_BUFFER_TYPE = NONE for DDR_addr[10]. (constraint file  c:/Xilinx/PYNQ/boards/Pynq-Z1/base/InfoProc-Lab-3/myproj/project_1.gen/sources_1/bd/base/ip/base_ps7_0_0/base_ps7_0_0/base_ps7_0_0_in_context.xdc, line 8).
Applied set_property IO_BUFFER_TYPE = NONE for DDR_addr[11]. (constraint file  c:/Xilinx/PYNQ/boards/Pynq-Z1/base/InfoProc-Lab-3/myproj/project_1.gen/sources_1/bd/base/ip/base_ps7_0_0/base_ps7_0_0/base_ps7_0_0_in_context.xdc, line 9).
Applied set_property CLOCK_BUFFER_TYPE = NONE for DDR_addr[11]. (constraint file  c:/Xilinx/PYNQ/boards/Pynq-Z1/base/InfoProc-Lab-3/myproj/project_1.gen/sources_1/bd/base/ip/base_ps7_0_0/base_ps7_0_0/base_ps7_0_0_in_context.xdc, line 10).
Applied set_property IO_BUFFER_TYPE = NONE for DDR_addr[12]. (constraint file  c:/Xilinx/PYNQ/boards/Pynq-Z1/base/InfoProc-Lab-3/myproj/project_1.gen/sources_1/bd/base/ip/base_ps7_0_0/base_ps7_0_0/base_ps7_0_0_in_context.xdc, line 11).
Applied set_property CLOCK_BUFFER_TYPE = NONE for DDR_addr[12]. (constraint file  c:/Xilinx/PYNQ/boards/Pynq-Z1/base/InfoProc-Lab-3/myproj/project_1.gen/sources_1/bd/base/ip/base_ps7_0_0/base_ps7_0_0/base_ps7_0_0_in_context.xdc, line 12).
Applied set_property IO_BUFFER_TYPE = NONE for DDR_addr[13]. (constraint file  c:/Xilinx/PYNQ/boards/Pynq-Z1/base/InfoProc-Lab-3/myproj/project_1.gen/sources_1/bd/base/ip/base_ps7_0_0/base_ps7_0_0/base_ps7_0_0_in_context.xdc, line 13).
Applied set_property CLOCK_BUFFER_TYPE = NONE for DDR_addr[13]. (constraint file  c:/Xilinx/PYNQ/boards/Pynq-Z1/base/InfoProc-Lab-3/myproj/project_1.gen/sources_1/bd/base/ip/base_ps7_0_0/base_ps7_0_0/base_ps7_0_0_in_context.xdc, line 14).
Applied set_property IO_BUFFER_TYPE = NONE for DDR_addr[14]. (constraint file  c:/Xilinx/PYNQ/boards/Pynq-Z1/base/InfoProc-Lab-3/myproj/project_1.gen/sources_1/bd/base/ip/base_ps7_0_0/base_ps7_0_0/base_ps7_0_0_in_context.xdc, line 15).
Applied set_property CLOCK_BUFFER_TYPE = NONE for DDR_addr[14]. (constraint file  c:/Xilinx/PYNQ/boards/Pynq-Z1/base/InfoProc-Lab-3/myproj/project_1.gen/sources_1/bd/base/ip/base_ps7_0_0/base_ps7_0_0/base_ps7_0_0_in_context.xdc, line 16).
Applied set_property IO_BUFFER_TYPE = NONE for DDR_addr[1]. (constraint file  c:/Xilinx/PYNQ/boards/Pynq-Z1/base/InfoProc-Lab-3/myproj/project_1.gen/sources_1/bd/base/ip/base_ps7_0_0/base_ps7_0_0/base_ps7_0_0_in_context.xdc, line 17).
Applied set_property CLOCK_BUFFER_TYPE = NONE for DDR_addr[1]. (constraint file  c:/Xilinx/PYNQ/boards/Pynq-Z1/base/InfoProc-Lab-3/myproj/project_1.gen/sources_1/bd/base/ip/base_ps7_0_0/base_ps7_0_0/base_ps7_0_0_in_context.xdc, line 18).
Applied set_property IO_BUFFER_TYPE = NONE for DDR_addr[2]. (constraint file  c:/Xilinx/PYNQ/boards/Pynq-Z1/base/InfoProc-Lab-3/myproj/project_1.gen/sources_1/bd/base/ip/base_ps7_0_0/base_ps7_0_0/base_ps7_0_0_in_context.xdc, line 19).
Applied set_property CLOCK_BUFFER_TYPE = NONE for DDR_addr[2]. (constraint file  c:/Xilinx/PYNQ/boards/Pynq-Z1/base/InfoProc-Lab-3/myproj/project_1.gen/sources_1/bd/base/ip/base_ps7_0_0/base_ps7_0_0/base_ps7_0_0_in_context.xdc, line 20).
Applied set_property IO_BUFFER_TYPE = NONE for DDR_addr[3]. (constraint file  c:/Xilinx/PYNQ/boards/Pynq-Z1/base/InfoProc-Lab-3/myproj/project_1.gen/sources_1/bd/base/ip/base_ps7_0_0/base_ps7_0_0/base_ps7_0_0_in_context.xdc, line 21).
Applied set_property CLOCK_BUFFER_TYPE = NONE for DDR_addr[3]. (constraint file  c:/Xilinx/PYNQ/boards/Pynq-Z1/base/InfoProc-Lab-3/myproj/project_1.gen/sources_1/bd/base/ip/base_ps7_0_0/base_ps7_0_0/base_ps7_0_0_in_context.xdc, line 22).
Applied set_property IO_BUFFER_TYPE = NONE for DDR_addr[4]. (constraint file  c:/Xilinx/PYNQ/boards/Pynq-Z1/base/InfoProc-Lab-3/myproj/project_1.gen/sources_1/bd/base/ip/base_ps7_0_0/base_ps7_0_0/base_ps7_0_0_in_context.xdc, line 23).
Applied set_property CLOCK_BUFFER_TYPE = NONE for DDR_addr[4]. (constraint file  c:/Xilinx/PYNQ/boards/Pynq-Z1/base/InfoProc-Lab-3/myproj/project_1.gen/sources_1/bd/base/ip/base_ps7_0_0/base_ps7_0_0/base_ps7_0_0_in_context.xdc, line 24).
Applied set_property IO_BUFFER_TYPE = NONE for DDR_addr[5]. (constraint file  c:/Xilinx/PYNQ/boards/Pynq-Z1/base/InfoProc-Lab-3/myproj/project_1.gen/sources_1/bd/base/ip/base_ps7_0_0/base_ps7_0_0/base_ps7_0_0_in_context.xdc, line 25).
Applied set_property CLOCK_BUFFER_TYPE = NONE for DDR_addr[5]. (constraint file  c:/Xilinx/PYNQ/boards/Pynq-Z1/base/InfoProc-Lab-3/myproj/project_1.gen/sources_1/bd/base/ip/base_ps7_0_0/base_ps7_0_0/base_ps7_0_0_in_context.xdc, line 26).
Applied set_property IO_BUFFER_TYPE = NONE for DDR_addr[6]. (constraint file  c:/Xilinx/PYNQ/boards/Pynq-Z1/base/InfoProc-Lab-3/myproj/project_1.gen/sources_1/bd/base/ip/base_ps7_0_0/base_ps7_0_0/base_ps7_0_0_in_context.xdc, line 27).
Applied set_property CLOCK_BUFFER_TYPE = NONE for DDR_addr[6]. (constraint file  c:/Xilinx/PYNQ/boards/Pynq-Z1/base/InfoProc-Lab-3/myproj/project_1.gen/sources_1/bd/base/ip/base_ps7_0_0/base_ps7_0_0/base_ps7_0_0_in_context.xdc, line 28).
Applied set_property IO_BUFFER_TYPE = NONE for DDR_addr[7]. (constraint file  c:/Xilinx/PYNQ/boards/Pynq-Z1/base/InfoProc-Lab-3/myproj/project_1.gen/sources_1/bd/base/ip/base_ps7_0_0/base_ps7_0_0/base_ps7_0_0_in_context.xdc, line 29).
Applied set_property CLOCK_BUFFER_TYPE = NONE for DDR_addr[7]. (constraint file  c:/Xilinx/PYNQ/boards/Pynq-Z1/base/InfoProc-Lab-3/myproj/project_1.gen/sources_1/bd/base/ip/base_ps7_0_0/base_ps7_0_0/base_ps7_0_0_in_context.xdc, line 30).
Applied set_property IO_BUFFER_TYPE = NONE for DDR_addr[8]. (constraint file  c:/Xilinx/PYNQ/boards/Pynq-Z1/base/InfoProc-Lab-3/myproj/project_1.gen/sources_1/bd/base/ip/base_ps7_0_0/base_ps7_0_0/base_ps7_0_0_in_context.xdc, line 31).
Applied set_property CLOCK_BUFFER_TYPE = NONE for DDR_addr[8]. (constraint file  c:/Xilinx/PYNQ/boards/Pynq-Z1/base/InfoProc-Lab-3/myproj/project_1.gen/sources_1/bd/base/ip/base_ps7_0_0/base_ps7_0_0/base_ps7_0_0_in_context.xdc, line 32).
Applied set_property IO_BUFFER_TYPE = NONE for DDR_addr[9]. (constraint file  c:/Xilinx/PYNQ/boards/Pynq-Z1/base/InfoProc-Lab-3/myproj/project_1.gen/sources_1/bd/base/ip/base_ps7_0_0/base_ps7_0_0/base_ps7_0_0_in_context.xdc, line 33).
Applied set_property CLOCK_BUFFER_TYPE = NONE for DDR_addr[9]. (constraint file  c:/Xilinx/PYNQ/boards/Pynq-Z1/base/InfoProc-Lab-3/myproj/project_1.gen/sources_1/bd/base/ip/base_ps7_0_0/base_ps7_0_0/base_ps7_0_0_in_context.xdc, line 34).
Applied set_property IO_BUFFER_TYPE = NONE for DDR_ba[0]. (constraint file  c:/Xilinx/PYNQ/boards/Pynq-Z1/base/InfoProc-Lab-3/myproj/project_1.gen/sources_1/bd/base/ip/base_ps7_0_0/base_ps7_0_0/base_ps7_0_0_in_context.xdc, line 35).
Applied set_property CLOCK_BUFFER_TYPE = NONE for DDR_ba[0]. (constraint file  c:/Xilinx/PYNQ/boards/Pynq-Z1/base/InfoProc-Lab-3/myproj/project_1.gen/sources_1/bd/base/ip/base_ps7_0_0/base_ps7_0_0/base_ps7_0_0_in_context.xdc, line 36).
Applied set_property IO_BUFFER_TYPE = NONE for DDR_ba[1]. (constraint file  c:/Xilinx/PYNQ/boards/Pynq-Z1/base/InfoProc-Lab-3/myproj/project_1.gen/sources_1/bd/base/ip/base_ps7_0_0/base_ps7_0_0/base_ps7_0_0_in_context.xdc, line 37).
Applied set_property CLOCK_BUFFER_TYPE = NONE for DDR_ba[1]. (constraint file  c:/Xilinx/PYNQ/boards/Pynq-Z1/base/InfoProc-Lab-3/myproj/project_1.gen/sources_1/bd/base/ip/base_ps7_0_0/base_ps7_0_0/base_ps7_0_0_in_context.xdc, line 38).
Applied set_property IO_BUFFER_TYPE = NONE for DDR_ba[2]. (constraint file  c:/Xilinx/PYNQ/boards/Pynq-Z1/base/InfoProc-Lab-3/myproj/project_1.gen/sources_1/bd/base/ip/base_ps7_0_0/base_ps7_0_0/base_ps7_0_0_in_context.xdc, line 39).
Applied set_property CLOCK_BUFFER_TYPE = NONE for DDR_ba[2]. (constraint file  c:/Xilinx/PYNQ/boards/Pynq-Z1/base/InfoProc-Lab-3/myproj/project_1.gen/sources_1/bd/base/ip/base_ps7_0_0/base_ps7_0_0/base_ps7_0_0_in_context.xdc, line 40).
Applied set_property IO_BUFFER_TYPE = NONE for DDR_cas_n. (constraint file  c:/Xilinx/PYNQ/boards/Pynq-Z1/base/InfoProc-Lab-3/myproj/project_1.gen/sources_1/bd/base/ip/base_ps7_0_0/base_ps7_0_0/base_ps7_0_0_in_context.xdc, line 41).
Applied set_property CLOCK_BUFFER_TYPE = NONE for DDR_cas_n. (constraint file  c:/Xilinx/PYNQ/boards/Pynq-Z1/base/InfoProc-Lab-3/myproj/project_1.gen/sources_1/bd/base/ip/base_ps7_0_0/base_ps7_0_0/base_ps7_0_0_in_context.xdc, line 42).
Applied set_property IO_BUFFER_TYPE = NONE for DDR_cke. (constraint file  c:/Xilinx/PYNQ/boards/Pynq-Z1/base/InfoProc-Lab-3/myproj/project_1.gen/sources_1/bd/base/ip/base_ps7_0_0/base_ps7_0_0/base_ps7_0_0_in_context.xdc, line 43).
Applied set_property CLOCK_BUFFER_TYPE = NONE for DDR_cke. (constraint file  c:/Xilinx/PYNQ/boards/Pynq-Z1/base/InfoProc-Lab-3/myproj/project_1.gen/sources_1/bd/base/ip/base_ps7_0_0/base_ps7_0_0/base_ps7_0_0_in_context.xdc, line 44).
Applied set_property IO_BUFFER_TYPE = NONE for DDR_cs_n. (constraint file  c:/Xilinx/PYNQ/boards/Pynq-Z1/base/InfoProc-Lab-3/myproj/project_1.gen/sources_1/bd/base/ip/base_ps7_0_0/base_ps7_0_0/base_ps7_0_0_in_context.xdc, line 45).
Applied set_property CLOCK_BUFFER_TYPE = NONE for DDR_cs_n. (constraint file  c:/Xilinx/PYNQ/boards/Pynq-Z1/base/InfoProc-Lab-3/myproj/project_1.gen/sources_1/bd/base/ip/base_ps7_0_0/base_ps7_0_0/base_ps7_0_0_in_context.xdc, line 46).
Applied set_property IO_BUFFER_TYPE = NONE for DDR_ck_p. (constraint file  c:/Xilinx/PYNQ/boards/Pynq-Z1/base/InfoProc-Lab-3/myproj/project_1.gen/sources_1/bd/base/ip/base_ps7_0_0/base_ps7_0_0/base_ps7_0_0_in_context.xdc, line 47).
Applied set_property CLOCK_BUFFER_TYPE = NONE for DDR_ck_p. (constraint file  c:/Xilinx/PYNQ/boards/Pynq-Z1/base/InfoProc-Lab-3/myproj/project_1.gen/sources_1/bd/base/ip/base_ps7_0_0/base_ps7_0_0/base_ps7_0_0_in_context.xdc, line 48).
Applied set_property IO_BUFFER_TYPE = NONE for DDR_ck_n. (constraint file  c:/Xilinx/PYNQ/boards/Pynq-Z1/base/InfoProc-Lab-3/myproj/project_1.gen/sources_1/bd/base/ip/base_ps7_0_0/base_ps7_0_0/base_ps7_0_0_in_context.xdc, line 49).
Applied set_property CLOCK_BUFFER_TYPE = NONE for DDR_ck_n. (constraint file  c:/Xilinx/PYNQ/boards/Pynq-Z1/base/InfoProc-Lab-3/myproj/project_1.gen/sources_1/bd/base/ip/base_ps7_0_0/base_ps7_0_0/base_ps7_0_0_in_context.xdc, line 50).
Applied set_property IO_BUFFER_TYPE = NONE for DDR_dm[0]. (constraint file  c:/Xilinx/PYNQ/boards/Pynq-Z1/base/InfoProc-Lab-3/myproj/project_1.gen/sources_1/bd/base/ip/base_ps7_0_0/base_ps7_0_0/base_ps7_0_0_in_context.xdc, line 51).
Applied set_property CLOCK_BUFFER_TYPE = NONE for DDR_dm[0]. (constraint file  c:/Xilinx/PYNQ/boards/Pynq-Z1/base/InfoProc-Lab-3/myproj/project_1.gen/sources_1/bd/base/ip/base_ps7_0_0/base_ps7_0_0/base_ps7_0_0_in_context.xdc, line 52).
Applied set_property IO_BUFFER_TYPE = NONE for DDR_dm[1]. (constraint file  c:/Xilinx/PYNQ/boards/Pynq-Z1/base/InfoProc-Lab-3/myproj/project_1.gen/sources_1/bd/base/ip/base_ps7_0_0/base_ps7_0_0/base_ps7_0_0_in_context.xdc, line 53).
Applied set_property CLOCK_BUFFER_TYPE = NONE for DDR_dm[1]. (constraint file  c:/Xilinx/PYNQ/boards/Pynq-Z1/base/InfoProc-Lab-3/myproj/project_1.gen/sources_1/bd/base/ip/base_ps7_0_0/base_ps7_0_0/base_ps7_0_0_in_context.xdc, line 54).
Applied set_property IO_BUFFER_TYPE = NONE for DDR_dm[2]. (constraint file  c:/Xilinx/PYNQ/boards/Pynq-Z1/base/InfoProc-Lab-3/myproj/project_1.gen/sources_1/bd/base/ip/base_ps7_0_0/base_ps7_0_0/base_ps7_0_0_in_context.xdc, line 55).
Applied set_property CLOCK_BUFFER_TYPE = NONE for DDR_dm[2]. (constraint file  c:/Xilinx/PYNQ/boards/Pynq-Z1/base/InfoProc-Lab-3/myproj/project_1.gen/sources_1/bd/base/ip/base_ps7_0_0/base_ps7_0_0/base_ps7_0_0_in_context.xdc, line 56).
Applied set_property IO_BUFFER_TYPE = NONE for DDR_dm[3]. (constraint file  c:/Xilinx/PYNQ/boards/Pynq-Z1/base/InfoProc-Lab-3/myproj/project_1.gen/sources_1/bd/base/ip/base_ps7_0_0/base_ps7_0_0/base_ps7_0_0_in_context.xdc, line 57).
Applied set_property CLOCK_BUFFER_TYPE = NONE for DDR_dm[3]. (constraint file  c:/Xilinx/PYNQ/boards/Pynq-Z1/base/InfoProc-Lab-3/myproj/project_1.gen/sources_1/bd/base/ip/base_ps7_0_0/base_ps7_0_0/base_ps7_0_0_in_context.xdc, line 58).
Applied set_property IO_BUFFER_TYPE = NONE for DDR_dqs_p[0]. (constraint file  c:/Xilinx/PYNQ/boards/Pynq-Z1/base/InfoProc-Lab-3/myproj/project_1.gen/sources_1/bd/base/ip/base_ps7_0_0/base_ps7_0_0/base_ps7_0_0_in_context.xdc, line 59).
Applied set_property CLOCK_BUFFER_TYPE = NONE for DDR_dqs_p[0]. (constraint file  c:/Xilinx/PYNQ/boards/Pynq-Z1/base/InfoProc-Lab-3/myproj/project_1.gen/sources_1/bd/base/ip/base_ps7_0_0/base_ps7_0_0/base_ps7_0_0_in_context.xdc, line 60).
Applied set_property IO_BUFFER_TYPE = NONE for DDR_dqs_p[1]. (constraint file  c:/Xilinx/PYNQ/boards/Pynq-Z1/base/InfoProc-Lab-3/myproj/project_1.gen/sources_1/bd/base/ip/base_ps7_0_0/base_ps7_0_0/base_ps7_0_0_in_context.xdc, line 61).
Applied set_property CLOCK_BUFFER_TYPE = NONE for DDR_dqs_p[1]. (constraint file  c:/Xilinx/PYNQ/boards/Pynq-Z1/base/InfoProc-Lab-3/myproj/project_1.gen/sources_1/bd/base/ip/base_ps7_0_0/base_ps7_0_0/base_ps7_0_0_in_context.xdc, line 62).
Applied set_property IO_BUFFER_TYPE = NONE for DDR_dqs_p[2]. (constraint file  c:/Xilinx/PYNQ/boards/Pynq-Z1/base/InfoProc-Lab-3/myproj/project_1.gen/sources_1/bd/base/ip/base_ps7_0_0/base_ps7_0_0/base_ps7_0_0_in_context.xdc, line 63).
Applied set_property CLOCK_BUFFER_TYPE = NONE for DDR_dqs_p[2]. (constraint file  c:/Xilinx/PYNQ/boards/Pynq-Z1/base/InfoProc-Lab-3/myproj/project_1.gen/sources_1/bd/base/ip/base_ps7_0_0/base_ps7_0_0/base_ps7_0_0_in_context.xdc, line 64).
Applied set_property IO_BUFFER_TYPE = NONE for DDR_dqs_p[3]. (constraint file  c:/Xilinx/PYNQ/boards/Pynq-Z1/base/InfoProc-Lab-3/myproj/project_1.gen/sources_1/bd/base/ip/base_ps7_0_0/base_ps7_0_0/base_ps7_0_0_in_context.xdc, line 65).
Applied set_property CLOCK_BUFFER_TYPE = NONE for DDR_dqs_p[3]. (constraint file  c:/Xilinx/PYNQ/boards/Pynq-Z1/base/InfoProc-Lab-3/myproj/project_1.gen/sources_1/bd/base/ip/base_ps7_0_0/base_ps7_0_0/base_ps7_0_0_in_context.xdc, line 66).
Applied set_property IO_BUFFER_TYPE = NONE for DDR_dqs_n[0]. (constraint file  c:/Xilinx/PYNQ/boards/Pynq-Z1/base/InfoProc-Lab-3/myproj/project_1.gen/sources_1/bd/base/ip/base_ps7_0_0/base_ps7_0_0/base_ps7_0_0_in_context.xdc, line 67).
Applied set_property CLOCK_BUFFER_TYPE = NONE for DDR_dqs_n[0]. (constraint file  c:/Xilinx/PYNQ/boards/Pynq-Z1/base/InfoProc-Lab-3/myproj/project_1.gen/sources_1/bd/base/ip/base_ps7_0_0/base_ps7_0_0/base_ps7_0_0_in_context.xdc, line 68).
Applied set_property IO_BUFFER_TYPE = NONE for DDR_dqs_n[1]. (constraint file  c:/Xilinx/PYNQ/boards/Pynq-Z1/base/InfoProc-Lab-3/myproj/project_1.gen/sources_1/bd/base/ip/base_ps7_0_0/base_ps7_0_0/base_ps7_0_0_in_context.xdc, line 69).
Applied set_property CLOCK_BUFFER_TYPE = NONE for DDR_dqs_n[1]. (constraint file  c:/Xilinx/PYNQ/boards/Pynq-Z1/base/InfoProc-Lab-3/myproj/project_1.gen/sources_1/bd/base/ip/base_ps7_0_0/base_ps7_0_0/base_ps7_0_0_in_context.xdc, line 70).
Applied set_property IO_BUFFER_TYPE = NONE for DDR_dqs_n[2]. (constraint file  c:/Xilinx/PYNQ/boards/Pynq-Z1/base/InfoProc-Lab-3/myproj/project_1.gen/sources_1/bd/base/ip/base_ps7_0_0/base_ps7_0_0/base_ps7_0_0_in_context.xdc, line 71).
Applied set_property CLOCK_BUFFER_TYPE = NONE for DDR_dqs_n[2]. (constraint file  c:/Xilinx/PYNQ/boards/Pynq-Z1/base/InfoProc-Lab-3/myproj/project_1.gen/sources_1/bd/base/ip/base_ps7_0_0/base_ps7_0_0/base_ps7_0_0_in_context.xdc, line 72).
Applied set_property IO_BUFFER_TYPE = NONE for DDR_dqs_n[3]. (constraint file  c:/Xilinx/PYNQ/boards/Pynq-Z1/base/InfoProc-Lab-3/myproj/project_1.gen/sources_1/bd/base/ip/base_ps7_0_0/base_ps7_0_0/base_ps7_0_0_in_context.xdc, line 73).
Applied set_property CLOCK_BUFFER_TYPE = NONE for DDR_dqs_n[3]. (constraint file  c:/Xilinx/PYNQ/boards/Pynq-Z1/base/InfoProc-Lab-3/myproj/project_1.gen/sources_1/bd/base/ip/base_ps7_0_0/base_ps7_0_0/base_ps7_0_0_in_context.xdc, line 74).
Applied set_property IO_BUFFER_TYPE = NONE for DDR_dq[0]. (constraint file  c:/Xilinx/PYNQ/boards/Pynq-Z1/base/InfoProc-Lab-3/myproj/project_1.gen/sources_1/bd/base/ip/base_ps7_0_0/base_ps7_0_0/base_ps7_0_0_in_context.xdc, line 75).
Applied set_property CLOCK_BUFFER_TYPE = NONE for DDR_dq[0]. (constraint file  c:/Xilinx/PYNQ/boards/Pynq-Z1/base/InfoProc-Lab-3/myproj/project_1.gen/sources_1/bd/base/ip/base_ps7_0_0/base_ps7_0_0/base_ps7_0_0_in_context.xdc, line 76).
Applied set_property IO_BUFFER_TYPE = NONE for DDR_dq[10]. (constraint file  c:/Xilinx/PYNQ/boards/Pynq-Z1/base/InfoProc-Lab-3/myproj/project_1.gen/sources_1/bd/base/ip/base_ps7_0_0/base_ps7_0_0/base_ps7_0_0_in_context.xdc, line 77).
Applied set_property CLOCK_BUFFER_TYPE = NONE for DDR_dq[10]. (constraint file  c:/Xilinx/PYNQ/boards/Pynq-Z1/base/InfoProc-Lab-3/myproj/project_1.gen/sources_1/bd/base/ip/base_ps7_0_0/base_ps7_0_0/base_ps7_0_0_in_context.xdc, line 78).
Applied set_property IO_BUFFER_TYPE = NONE for DDR_dq[11]. (constraint file  c:/Xilinx/PYNQ/boards/Pynq-Z1/base/InfoProc-Lab-3/myproj/project_1.gen/sources_1/bd/base/ip/base_ps7_0_0/base_ps7_0_0/base_ps7_0_0_in_context.xdc, line 79).
Applied set_property CLOCK_BUFFER_TYPE = NONE for DDR_dq[11]. (constraint file  c:/Xilinx/PYNQ/boards/Pynq-Z1/base/InfoProc-Lab-3/myproj/project_1.gen/sources_1/bd/base/ip/base_ps7_0_0/base_ps7_0_0/base_ps7_0_0_in_context.xdc, line 80).
Applied set_property IO_BUFFER_TYPE = NONE for DDR_dq[12]. (constraint file  c:/Xilinx/PYNQ/boards/Pynq-Z1/base/InfoProc-Lab-3/myproj/project_1.gen/sources_1/bd/base/ip/base_ps7_0_0/base_ps7_0_0/base_ps7_0_0_in_context.xdc, line 81).
Applied set_property CLOCK_BUFFER_TYPE = NONE for DDR_dq[12]. (constraint file  c:/Xilinx/PYNQ/boards/Pynq-Z1/base/InfoProc-Lab-3/myproj/project_1.gen/sources_1/bd/base/ip/base_ps7_0_0/base_ps7_0_0/base_ps7_0_0_in_context.xdc, line 82).
Applied set_property IO_BUFFER_TYPE = NONE for DDR_dq[13]. (constraint file  c:/Xilinx/PYNQ/boards/Pynq-Z1/base/InfoProc-Lab-3/myproj/project_1.gen/sources_1/bd/base/ip/base_ps7_0_0/base_ps7_0_0/base_ps7_0_0_in_context.xdc, line 83).
Applied set_property CLOCK_BUFFER_TYPE = NONE for DDR_dq[13]. (constraint file  c:/Xilinx/PYNQ/boards/Pynq-Z1/base/InfoProc-Lab-3/myproj/project_1.gen/sources_1/bd/base/ip/base_ps7_0_0/base_ps7_0_0/base_ps7_0_0_in_context.xdc, line 84).
Applied set_property IO_BUFFER_TYPE = NONE for DDR_dq[14]. (constraint file  c:/Xilinx/PYNQ/boards/Pynq-Z1/base/InfoProc-Lab-3/myproj/project_1.gen/sources_1/bd/base/ip/base_ps7_0_0/base_ps7_0_0/base_ps7_0_0_in_context.xdc, line 85).
Applied set_property CLOCK_BUFFER_TYPE = NONE for DDR_dq[14]. (constraint file  c:/Xilinx/PYNQ/boards/Pynq-Z1/base/InfoProc-Lab-3/myproj/project_1.gen/sources_1/bd/base/ip/base_ps7_0_0/base_ps7_0_0/base_ps7_0_0_in_context.xdc, line 86).
Applied set_property IO_BUFFER_TYPE = NONE for DDR_dq[15]. (constraint file  c:/Xilinx/PYNQ/boards/Pynq-Z1/base/InfoProc-Lab-3/myproj/project_1.gen/sources_1/bd/base/ip/base_ps7_0_0/base_ps7_0_0/base_ps7_0_0_in_context.xdc, line 87).
Applied set_property CLOCK_BUFFER_TYPE = NONE for DDR_dq[15]. (constraint file  c:/Xilinx/PYNQ/boards/Pynq-Z1/base/InfoProc-Lab-3/myproj/project_1.gen/sources_1/bd/base/ip/base_ps7_0_0/base_ps7_0_0/base_ps7_0_0_in_context.xdc, line 88).
Applied set_property IO_BUFFER_TYPE = NONE for DDR_dq[16]. (constraint file  c:/Xilinx/PYNQ/boards/Pynq-Z1/base/InfoProc-Lab-3/myproj/project_1.gen/sources_1/bd/base/ip/base_ps7_0_0/base_ps7_0_0/base_ps7_0_0_in_context.xdc, line 89).
Applied set_property CLOCK_BUFFER_TYPE = NONE for DDR_dq[16]. (constraint file  c:/Xilinx/PYNQ/boards/Pynq-Z1/base/InfoProc-Lab-3/myproj/project_1.gen/sources_1/bd/base/ip/base_ps7_0_0/base_ps7_0_0/base_ps7_0_0_in_context.xdc, line 90).
Applied set_property IO_BUFFER_TYPE = NONE for DDR_dq[17]. (constraint file  c:/Xilinx/PYNQ/boards/Pynq-Z1/base/InfoProc-Lab-3/myproj/project_1.gen/sources_1/bd/base/ip/base_ps7_0_0/base_ps7_0_0/base_ps7_0_0_in_context.xdc, line 91).
Applied set_property CLOCK_BUFFER_TYPE = NONE for DDR_dq[17]. (constraint file  c:/Xilinx/PYNQ/boards/Pynq-Z1/base/InfoProc-Lab-3/myproj/project_1.gen/sources_1/bd/base/ip/base_ps7_0_0/base_ps7_0_0/base_ps7_0_0_in_context.xdc, line 92).
Applied set_property IO_BUFFER_TYPE = NONE for DDR_dq[18]. (constraint file  c:/Xilinx/PYNQ/boards/Pynq-Z1/base/InfoProc-Lab-3/myproj/project_1.gen/sources_1/bd/base/ip/base_ps7_0_0/base_ps7_0_0/base_ps7_0_0_in_context.xdc, line 93).
Applied set_property CLOCK_BUFFER_TYPE = NONE for DDR_dq[18]. (constraint file  c:/Xilinx/PYNQ/boards/Pynq-Z1/base/InfoProc-Lab-3/myproj/project_1.gen/sources_1/bd/base/ip/base_ps7_0_0/base_ps7_0_0/base_ps7_0_0_in_context.xdc, line 94).
Applied set_property IO_BUFFER_TYPE = NONE for DDR_dq[19]. (constraint file  c:/Xilinx/PYNQ/boards/Pynq-Z1/base/InfoProc-Lab-3/myproj/project_1.gen/sources_1/bd/base/ip/base_ps7_0_0/base_ps7_0_0/base_ps7_0_0_in_context.xdc, line 95).
Applied set_property CLOCK_BUFFER_TYPE = NONE for DDR_dq[19]. (constraint file  c:/Xilinx/PYNQ/boards/Pynq-Z1/base/InfoProc-Lab-3/myproj/project_1.gen/sources_1/bd/base/ip/base_ps7_0_0/base_ps7_0_0/base_ps7_0_0_in_context.xdc, line 96).
Applied set_property IO_BUFFER_TYPE = NONE for DDR_dq[1]. (constraint file  c:/Xilinx/PYNQ/boards/Pynq-Z1/base/InfoProc-Lab-3/myproj/project_1.gen/sources_1/bd/base/ip/base_ps7_0_0/base_ps7_0_0/base_ps7_0_0_in_context.xdc, line 97).
Applied set_property CLOCK_BUFFER_TYPE = NONE for DDR_dq[1]. (constraint file  c:/Xilinx/PYNQ/boards/Pynq-Z1/base/InfoProc-Lab-3/myproj/project_1.gen/sources_1/bd/base/ip/base_ps7_0_0/base_ps7_0_0/base_ps7_0_0_in_context.xdc, line 98).
Applied set_property IO_BUFFER_TYPE = NONE for DDR_dq[20]. (constraint file  c:/Xilinx/PYNQ/boards/Pynq-Z1/base/InfoProc-Lab-3/myproj/project_1.gen/sources_1/bd/base/ip/base_ps7_0_0/base_ps7_0_0/base_ps7_0_0_in_context.xdc, line 99).
Applied set_property CLOCK_BUFFER_TYPE = NONE for DDR_dq[20]. (constraint file  c:/Xilinx/PYNQ/boards/Pynq-Z1/base/InfoProc-Lab-3/myproj/project_1.gen/sources_1/bd/base/ip/base_ps7_0_0/base_ps7_0_0/base_ps7_0_0_in_context.xdc, line 100).
Applied set_property IO_BUFFER_TYPE = NONE for DDR_dq[21]. (constraint file  c:/Xilinx/PYNQ/boards/Pynq-Z1/base/InfoProc-Lab-3/myproj/project_1.gen/sources_1/bd/base/ip/base_ps7_0_0/base_ps7_0_0/base_ps7_0_0_in_context.xdc, line 101).
Applied set_property CLOCK_BUFFER_TYPE = NONE for DDR_dq[21]. (constraint file  c:/Xilinx/PYNQ/boards/Pynq-Z1/base/InfoProc-Lab-3/myproj/project_1.gen/sources_1/bd/base/ip/base_ps7_0_0/base_ps7_0_0/base_ps7_0_0_in_context.xdc, line 102).
Applied set_property IO_BUFFER_TYPE = NONE for DDR_dq[22]. (constraint file  c:/Xilinx/PYNQ/boards/Pynq-Z1/base/InfoProc-Lab-3/myproj/project_1.gen/sources_1/bd/base/ip/base_ps7_0_0/base_ps7_0_0/base_ps7_0_0_in_context.xdc, line 103).
Applied set_property CLOCK_BUFFER_TYPE = NONE for DDR_dq[22]. (constraint file  c:/Xilinx/PYNQ/boards/Pynq-Z1/base/InfoProc-Lab-3/myproj/project_1.gen/sources_1/bd/base/ip/base_ps7_0_0/base_ps7_0_0/base_ps7_0_0_in_context.xdc, line 104).
Applied set_property IO_BUFFER_TYPE = NONE for DDR_dq[23]. (constraint file  c:/Xilinx/PYNQ/boards/Pynq-Z1/base/InfoProc-Lab-3/myproj/project_1.gen/sources_1/bd/base/ip/base_ps7_0_0/base_ps7_0_0/base_ps7_0_0_in_context.xdc, line 105).
Applied set_property CLOCK_BUFFER_TYPE = NONE for DDR_dq[23]. (constraint file  c:/Xilinx/PYNQ/boards/Pynq-Z1/base/InfoProc-Lab-3/myproj/project_1.gen/sources_1/bd/base/ip/base_ps7_0_0/base_ps7_0_0/base_ps7_0_0_in_context.xdc, line 106).
Applied set_property IO_BUFFER_TYPE = NONE for DDR_dq[24]. (constraint file  c:/Xilinx/PYNQ/boards/Pynq-Z1/base/InfoProc-Lab-3/myproj/project_1.gen/sources_1/bd/base/ip/base_ps7_0_0/base_ps7_0_0/base_ps7_0_0_in_context.xdc, line 107).
Applied set_property CLOCK_BUFFER_TYPE = NONE for DDR_dq[24]. (constraint file  c:/Xilinx/PYNQ/boards/Pynq-Z1/base/InfoProc-Lab-3/myproj/project_1.gen/sources_1/bd/base/ip/base_ps7_0_0/base_ps7_0_0/base_ps7_0_0_in_context.xdc, line 108).
Applied set_property IO_BUFFER_TYPE = NONE for DDR_dq[25]. (constraint file  c:/Xilinx/PYNQ/boards/Pynq-Z1/base/InfoProc-Lab-3/myproj/project_1.gen/sources_1/bd/base/ip/base_ps7_0_0/base_ps7_0_0/base_ps7_0_0_in_context.xdc, line 109).
Applied set_property CLOCK_BUFFER_TYPE = NONE for DDR_dq[25]. (constraint file  c:/Xilinx/PYNQ/boards/Pynq-Z1/base/InfoProc-Lab-3/myproj/project_1.gen/sources_1/bd/base/ip/base_ps7_0_0/base_ps7_0_0/base_ps7_0_0_in_context.xdc, line 110).
Applied set_property IO_BUFFER_TYPE = NONE for DDR_dq[26]. (constraint file  c:/Xilinx/PYNQ/boards/Pynq-Z1/base/InfoProc-Lab-3/myproj/project_1.gen/sources_1/bd/base/ip/base_ps7_0_0/base_ps7_0_0/base_ps7_0_0_in_context.xdc, line 111).
Applied set_property CLOCK_BUFFER_TYPE = NONE for DDR_dq[26]. (constraint file  c:/Xilinx/PYNQ/boards/Pynq-Z1/base/InfoProc-Lab-3/myproj/project_1.gen/sources_1/bd/base/ip/base_ps7_0_0/base_ps7_0_0/base_ps7_0_0_in_context.xdc, line 112).
Applied set_property IO_BUFFER_TYPE = NONE for DDR_dq[27]. (constraint file  c:/Xilinx/PYNQ/boards/Pynq-Z1/base/InfoProc-Lab-3/myproj/project_1.gen/sources_1/bd/base/ip/base_ps7_0_0/base_ps7_0_0/base_ps7_0_0_in_context.xdc, line 113).
Applied set_property CLOCK_BUFFER_TYPE = NONE for DDR_dq[27]. (constraint file  c:/Xilinx/PYNQ/boards/Pynq-Z1/base/InfoProc-Lab-3/myproj/project_1.gen/sources_1/bd/base/ip/base_ps7_0_0/base_ps7_0_0/base_ps7_0_0_in_context.xdc, line 114).
Applied set_property IO_BUFFER_TYPE = NONE for DDR_dq[28]. (constraint file  c:/Xilinx/PYNQ/boards/Pynq-Z1/base/InfoProc-Lab-3/myproj/project_1.gen/sources_1/bd/base/ip/base_ps7_0_0/base_ps7_0_0/base_ps7_0_0_in_context.xdc, line 115).
Applied set_property CLOCK_BUFFER_TYPE = NONE for DDR_dq[28]. (constraint file  c:/Xilinx/PYNQ/boards/Pynq-Z1/base/InfoProc-Lab-3/myproj/project_1.gen/sources_1/bd/base/ip/base_ps7_0_0/base_ps7_0_0/base_ps7_0_0_in_context.xdc, line 116).
Applied set_property IO_BUFFER_TYPE = NONE for DDR_dq[29]. (constraint file  c:/Xilinx/PYNQ/boards/Pynq-Z1/base/InfoProc-Lab-3/myproj/project_1.gen/sources_1/bd/base/ip/base_ps7_0_0/base_ps7_0_0/base_ps7_0_0_in_context.xdc, line 117).
Applied set_property CLOCK_BUFFER_TYPE = NONE for DDR_dq[29]. (constraint file  c:/Xilinx/PYNQ/boards/Pynq-Z1/base/InfoProc-Lab-3/myproj/project_1.gen/sources_1/bd/base/ip/base_ps7_0_0/base_ps7_0_0/base_ps7_0_0_in_context.xdc, line 118).
Applied set_property IO_BUFFER_TYPE = NONE for DDR_dq[2]. (constraint file  c:/Xilinx/PYNQ/boards/Pynq-Z1/base/InfoProc-Lab-3/myproj/project_1.gen/sources_1/bd/base/ip/base_ps7_0_0/base_ps7_0_0/base_ps7_0_0_in_context.xdc, line 119).
Applied set_property CLOCK_BUFFER_TYPE = NONE for DDR_dq[2]. (constraint file  c:/Xilinx/PYNQ/boards/Pynq-Z1/base/InfoProc-Lab-3/myproj/project_1.gen/sources_1/bd/base/ip/base_ps7_0_0/base_ps7_0_0/base_ps7_0_0_in_context.xdc, line 120).
Applied set_property IO_BUFFER_TYPE = NONE for DDR_dq[30]. (constraint file  c:/Xilinx/PYNQ/boards/Pynq-Z1/base/InfoProc-Lab-3/myproj/project_1.gen/sources_1/bd/base/ip/base_ps7_0_0/base_ps7_0_0/base_ps7_0_0_in_context.xdc, line 121).
Applied set_property CLOCK_BUFFER_TYPE = NONE for DDR_dq[30]. (constraint file  c:/Xilinx/PYNQ/boards/Pynq-Z1/base/InfoProc-Lab-3/myproj/project_1.gen/sources_1/bd/base/ip/base_ps7_0_0/base_ps7_0_0/base_ps7_0_0_in_context.xdc, line 122).
Applied set_property IO_BUFFER_TYPE = NONE for DDR_dq[31]. (constraint file  c:/Xilinx/PYNQ/boards/Pynq-Z1/base/InfoProc-Lab-3/myproj/project_1.gen/sources_1/bd/base/ip/base_ps7_0_0/base_ps7_0_0/base_ps7_0_0_in_context.xdc, line 123).
Applied set_property CLOCK_BUFFER_TYPE = NONE for DDR_dq[31]. (constraint file  c:/Xilinx/PYNQ/boards/Pynq-Z1/base/InfoProc-Lab-3/myproj/project_1.gen/sources_1/bd/base/ip/base_ps7_0_0/base_ps7_0_0/base_ps7_0_0_in_context.xdc, line 124).
Applied set_property IO_BUFFER_TYPE = NONE for DDR_dq[3]. (constraint file  c:/Xilinx/PYNQ/boards/Pynq-Z1/base/InfoProc-Lab-3/myproj/project_1.gen/sources_1/bd/base/ip/base_ps7_0_0/base_ps7_0_0/base_ps7_0_0_in_context.xdc, line 125).
Applied set_property CLOCK_BUFFER_TYPE = NONE for DDR_dq[3]. (constraint file  c:/Xilinx/PYNQ/boards/Pynq-Z1/base/InfoProc-Lab-3/myproj/project_1.gen/sources_1/bd/base/ip/base_ps7_0_0/base_ps7_0_0/base_ps7_0_0_in_context.xdc, line 126).
Applied set_property IO_BUFFER_TYPE = NONE for DDR_dq[4]. (constraint file  c:/Xilinx/PYNQ/boards/Pynq-Z1/base/InfoProc-Lab-3/myproj/project_1.gen/sources_1/bd/base/ip/base_ps7_0_0/base_ps7_0_0/base_ps7_0_0_in_context.xdc, line 127).
Applied set_property CLOCK_BUFFER_TYPE = NONE for DDR_dq[4]. (constraint file  c:/Xilinx/PYNQ/boards/Pynq-Z1/base/InfoProc-Lab-3/myproj/project_1.gen/sources_1/bd/base/ip/base_ps7_0_0/base_ps7_0_0/base_ps7_0_0_in_context.xdc, line 128).
Applied set_property IO_BUFFER_TYPE = NONE for DDR_dq[5]. (constraint file  c:/Xilinx/PYNQ/boards/Pynq-Z1/base/InfoProc-Lab-3/myproj/project_1.gen/sources_1/bd/base/ip/base_ps7_0_0/base_ps7_0_0/base_ps7_0_0_in_context.xdc, line 129).
Applied set_property CLOCK_BUFFER_TYPE = NONE for DDR_dq[5]. (constraint file  c:/Xilinx/PYNQ/boards/Pynq-Z1/base/InfoProc-Lab-3/myproj/project_1.gen/sources_1/bd/base/ip/base_ps7_0_0/base_ps7_0_0/base_ps7_0_0_in_context.xdc, line 130).
Applied set_property IO_BUFFER_TYPE = NONE for DDR_dq[6]. (constraint file  c:/Xilinx/PYNQ/boards/Pynq-Z1/base/InfoProc-Lab-3/myproj/project_1.gen/sources_1/bd/base/ip/base_ps7_0_0/base_ps7_0_0/base_ps7_0_0_in_context.xdc, line 131).
Applied set_property CLOCK_BUFFER_TYPE = NONE for DDR_dq[6]. (constraint file  c:/Xilinx/PYNQ/boards/Pynq-Z1/base/InfoProc-Lab-3/myproj/project_1.gen/sources_1/bd/base/ip/base_ps7_0_0/base_ps7_0_0/base_ps7_0_0_in_context.xdc, line 132).
Applied set_property IO_BUFFER_TYPE = NONE for DDR_dq[7]. (constraint file  c:/Xilinx/PYNQ/boards/Pynq-Z1/base/InfoProc-Lab-3/myproj/project_1.gen/sources_1/bd/base/ip/base_ps7_0_0/base_ps7_0_0/base_ps7_0_0_in_context.xdc, line 133).
Applied set_property CLOCK_BUFFER_TYPE = NONE for DDR_dq[7]. (constraint file  c:/Xilinx/PYNQ/boards/Pynq-Z1/base/InfoProc-Lab-3/myproj/project_1.gen/sources_1/bd/base/ip/base_ps7_0_0/base_ps7_0_0/base_ps7_0_0_in_context.xdc, line 134).
Applied set_property IO_BUFFER_TYPE = NONE for DDR_dq[8]. (constraint file  c:/Xilinx/PYNQ/boards/Pynq-Z1/base/InfoProc-Lab-3/myproj/project_1.gen/sources_1/bd/base/ip/base_ps7_0_0/base_ps7_0_0/base_ps7_0_0_in_context.xdc, line 135).
Applied set_property CLOCK_BUFFER_TYPE = NONE for DDR_dq[8]. (constraint file  c:/Xilinx/PYNQ/boards/Pynq-Z1/base/InfoProc-Lab-3/myproj/project_1.gen/sources_1/bd/base/ip/base_ps7_0_0/base_ps7_0_0/base_ps7_0_0_in_context.xdc, line 136).
Applied set_property IO_BUFFER_TYPE = NONE for DDR_dq[9]. (constraint file  c:/Xilinx/PYNQ/boards/Pynq-Z1/base/InfoProc-Lab-3/myproj/project_1.gen/sources_1/bd/base/ip/base_ps7_0_0/base_ps7_0_0/base_ps7_0_0_in_context.xdc, line 137).
Applied set_property CLOCK_BUFFER_TYPE = NONE for DDR_dq[9]. (constraint file  c:/Xilinx/PYNQ/boards/Pynq-Z1/base/InfoProc-Lab-3/myproj/project_1.gen/sources_1/bd/base/ip/base_ps7_0_0/base_ps7_0_0/base_ps7_0_0_in_context.xdc, line 138).
Applied set_property IO_BUFFER_TYPE = NONE for DDR_reset_n. (constraint file  c:/Xilinx/PYNQ/boards/Pynq-Z1/base/InfoProc-Lab-3/myproj/project_1.gen/sources_1/bd/base/ip/base_ps7_0_0/base_ps7_0_0/base_ps7_0_0_in_context.xdc, line 139).
Applied set_property CLOCK_BUFFER_TYPE = NONE for DDR_reset_n. (constraint file  c:/Xilinx/PYNQ/boards/Pynq-Z1/base/InfoProc-Lab-3/myproj/project_1.gen/sources_1/bd/base/ip/base_ps7_0_0/base_ps7_0_0/base_ps7_0_0_in_context.xdc, line 140).
Applied set_property IO_BUFFER_TYPE = NONE for DDR_odt. (constraint file  c:/Xilinx/PYNQ/boards/Pynq-Z1/base/InfoProc-Lab-3/myproj/project_1.gen/sources_1/bd/base/ip/base_ps7_0_0/base_ps7_0_0/base_ps7_0_0_in_context.xdc, line 141).
Applied set_property CLOCK_BUFFER_TYPE = NONE for DDR_odt. (constraint file  c:/Xilinx/PYNQ/boards/Pynq-Z1/base/InfoProc-Lab-3/myproj/project_1.gen/sources_1/bd/base/ip/base_ps7_0_0/base_ps7_0_0/base_ps7_0_0_in_context.xdc, line 142).
Applied set_property IO_BUFFER_TYPE = NONE for DDR_ras_n. (constraint file  c:/Xilinx/PYNQ/boards/Pynq-Z1/base/InfoProc-Lab-3/myproj/project_1.gen/sources_1/bd/base/ip/base_ps7_0_0/base_ps7_0_0/base_ps7_0_0_in_context.xdc, line 143).
Applied set_property CLOCK_BUFFER_TYPE = NONE for DDR_ras_n. (constraint file  c:/Xilinx/PYNQ/boards/Pynq-Z1/base/InfoProc-Lab-3/myproj/project_1.gen/sources_1/bd/base/ip/base_ps7_0_0/base_ps7_0_0/base_ps7_0_0_in_context.xdc, line 144).
Applied set_property IO_BUFFER_TYPE = NONE for FIXED_IO_ddr_vrn. (constraint file  c:/Xilinx/PYNQ/boards/Pynq-Z1/base/InfoProc-Lab-3/myproj/project_1.gen/sources_1/bd/base/ip/base_ps7_0_0/base_ps7_0_0/base_ps7_0_0_in_context.xdc, line 145).
Applied set_property CLOCK_BUFFER_TYPE = NONE for FIXED_IO_ddr_vrn. (constraint file  c:/Xilinx/PYNQ/boards/Pynq-Z1/base/InfoProc-Lab-3/myproj/project_1.gen/sources_1/bd/base/ip/base_ps7_0_0/base_ps7_0_0/base_ps7_0_0_in_context.xdc, line 146).
Applied set_property IO_BUFFER_TYPE = NONE for FIXED_IO_ddr_vrp. (constraint file  c:/Xilinx/PYNQ/boards/Pynq-Z1/base/InfoProc-Lab-3/myproj/project_1.gen/sources_1/bd/base/ip/base_ps7_0_0/base_ps7_0_0/base_ps7_0_0_in_context.xdc, line 147).
Applied set_property CLOCK_BUFFER_TYPE = NONE for FIXED_IO_ddr_vrp. (constraint file  c:/Xilinx/PYNQ/boards/Pynq-Z1/base/InfoProc-Lab-3/myproj/project_1.gen/sources_1/bd/base/ip/base_ps7_0_0/base_ps7_0_0/base_ps7_0_0_in_context.xdc, line 148).
Applied set_property IO_BUFFER_TYPE = NONE for DDR_we_n. (constraint file  c:/Xilinx/PYNQ/boards/Pynq-Z1/base/InfoProc-Lab-3/myproj/project_1.gen/sources_1/bd/base/ip/base_ps7_0_0/base_ps7_0_0/base_ps7_0_0_in_context.xdc, line 149).
Applied set_property CLOCK_BUFFER_TYPE = NONE for DDR_we_n. (constraint file  c:/Xilinx/PYNQ/boards/Pynq-Z1/base/InfoProc-Lab-3/myproj/project_1.gen/sources_1/bd/base/ip/base_ps7_0_0/base_ps7_0_0/base_ps7_0_0_in_context.xdc, line 150).
Applied set_property IO_BUFFER_TYPE = NONE for FIXED_IO_mio[0]. (constraint file  c:/Xilinx/PYNQ/boards/Pynq-Z1/base/InfoProc-Lab-3/myproj/project_1.gen/sources_1/bd/base/ip/base_ps7_0_0/base_ps7_0_0/base_ps7_0_0_in_context.xdc, line 151).
Applied set_property CLOCK_BUFFER_TYPE = NONE for FIXED_IO_mio[0]. (constraint file  c:/Xilinx/PYNQ/boards/Pynq-Z1/base/InfoProc-Lab-3/myproj/project_1.gen/sources_1/bd/base/ip/base_ps7_0_0/base_ps7_0_0/base_ps7_0_0_in_context.xdc, line 152).
Applied set_property IO_BUFFER_TYPE = NONE for FIXED_IO_mio[10]. (constraint file  c:/Xilinx/PYNQ/boards/Pynq-Z1/base/InfoProc-Lab-3/myproj/project_1.gen/sources_1/bd/base/ip/base_ps7_0_0/base_ps7_0_0/base_ps7_0_0_in_context.xdc, line 153).
Applied set_property CLOCK_BUFFER_TYPE = NONE for FIXED_IO_mio[10]. (constraint file  c:/Xilinx/PYNQ/boards/Pynq-Z1/base/InfoProc-Lab-3/myproj/project_1.gen/sources_1/bd/base/ip/base_ps7_0_0/base_ps7_0_0/base_ps7_0_0_in_context.xdc, line 154).
Applied set_property IO_BUFFER_TYPE = NONE for FIXED_IO_mio[11]. (constraint file  c:/Xilinx/PYNQ/boards/Pynq-Z1/base/InfoProc-Lab-3/myproj/project_1.gen/sources_1/bd/base/ip/base_ps7_0_0/base_ps7_0_0/base_ps7_0_0_in_context.xdc, line 155).
Applied set_property CLOCK_BUFFER_TYPE = NONE for FIXED_IO_mio[11]. (constraint file  c:/Xilinx/PYNQ/boards/Pynq-Z1/base/InfoProc-Lab-3/myproj/project_1.gen/sources_1/bd/base/ip/base_ps7_0_0/base_ps7_0_0/base_ps7_0_0_in_context.xdc, line 156).
Applied set_property IO_BUFFER_TYPE = NONE for FIXED_IO_mio[12]. (constraint file  c:/Xilinx/PYNQ/boards/Pynq-Z1/base/InfoProc-Lab-3/myproj/project_1.gen/sources_1/bd/base/ip/base_ps7_0_0/base_ps7_0_0/base_ps7_0_0_in_context.xdc, line 157).
Applied set_property CLOCK_BUFFER_TYPE = NONE for FIXED_IO_mio[12]. (constraint file  c:/Xilinx/PYNQ/boards/Pynq-Z1/base/InfoProc-Lab-3/myproj/project_1.gen/sources_1/bd/base/ip/base_ps7_0_0/base_ps7_0_0/base_ps7_0_0_in_context.xdc, line 158).
Applied set_property IO_BUFFER_TYPE = NONE for FIXED_IO_mio[13]. (constraint file  c:/Xilinx/PYNQ/boards/Pynq-Z1/base/InfoProc-Lab-3/myproj/project_1.gen/sources_1/bd/base/ip/base_ps7_0_0/base_ps7_0_0/base_ps7_0_0_in_context.xdc, line 159).
Applied set_property CLOCK_BUFFER_TYPE = NONE for FIXED_IO_mio[13]. (constraint file  c:/Xilinx/PYNQ/boards/Pynq-Z1/base/InfoProc-Lab-3/myproj/project_1.gen/sources_1/bd/base/ip/base_ps7_0_0/base_ps7_0_0/base_ps7_0_0_in_context.xdc, line 160).
Applied set_property IO_BUFFER_TYPE = NONE for FIXED_IO_mio[14]. (constraint file  c:/Xilinx/PYNQ/boards/Pynq-Z1/base/InfoProc-Lab-3/myproj/project_1.gen/sources_1/bd/base/ip/base_ps7_0_0/base_ps7_0_0/base_ps7_0_0_in_context.xdc, line 161).
Applied set_property CLOCK_BUFFER_TYPE = NONE for FIXED_IO_mio[14]. (constraint file  c:/Xilinx/PYNQ/boards/Pynq-Z1/base/InfoProc-Lab-3/myproj/project_1.gen/sources_1/bd/base/ip/base_ps7_0_0/base_ps7_0_0/base_ps7_0_0_in_context.xdc, line 162).
Applied set_property IO_BUFFER_TYPE = NONE for FIXED_IO_mio[15]. (constraint file  c:/Xilinx/PYNQ/boards/Pynq-Z1/base/InfoProc-Lab-3/myproj/project_1.gen/sources_1/bd/base/ip/base_ps7_0_0/base_ps7_0_0/base_ps7_0_0_in_context.xdc, line 163).
Applied set_property CLOCK_BUFFER_TYPE = NONE for FIXED_IO_mio[15]. (constraint file  c:/Xilinx/PYNQ/boards/Pynq-Z1/base/InfoProc-Lab-3/myproj/project_1.gen/sources_1/bd/base/ip/base_ps7_0_0/base_ps7_0_0/base_ps7_0_0_in_context.xdc, line 164).
Applied set_property IO_BUFFER_TYPE = NONE for FIXED_IO_mio[16]. (constraint file  c:/Xilinx/PYNQ/boards/Pynq-Z1/base/InfoProc-Lab-3/myproj/project_1.gen/sources_1/bd/base/ip/base_ps7_0_0/base_ps7_0_0/base_ps7_0_0_in_context.xdc, line 165).
Applied set_property CLOCK_BUFFER_TYPE = NONE for FIXED_IO_mio[16]. (constraint file  c:/Xilinx/PYNQ/boards/Pynq-Z1/base/InfoProc-Lab-3/myproj/project_1.gen/sources_1/bd/base/ip/base_ps7_0_0/base_ps7_0_0/base_ps7_0_0_in_context.xdc, line 166).
Applied set_property IO_BUFFER_TYPE = NONE for FIXED_IO_mio[17]. (constraint file  c:/Xilinx/PYNQ/boards/Pynq-Z1/base/InfoProc-Lab-3/myproj/project_1.gen/sources_1/bd/base/ip/base_ps7_0_0/base_ps7_0_0/base_ps7_0_0_in_context.xdc, line 167).
Applied set_property CLOCK_BUFFER_TYPE = NONE for FIXED_IO_mio[17]. (constraint file  c:/Xilinx/PYNQ/boards/Pynq-Z1/base/InfoProc-Lab-3/myproj/project_1.gen/sources_1/bd/base/ip/base_ps7_0_0/base_ps7_0_0/base_ps7_0_0_in_context.xdc, line 168).
Applied set_property IO_BUFFER_TYPE = NONE for FIXED_IO_mio[18]. (constraint file  c:/Xilinx/PYNQ/boards/Pynq-Z1/base/InfoProc-Lab-3/myproj/project_1.gen/sources_1/bd/base/ip/base_ps7_0_0/base_ps7_0_0/base_ps7_0_0_in_context.xdc, line 169).
Applied set_property CLOCK_BUFFER_TYPE = NONE for FIXED_IO_mio[18]. (constraint file  c:/Xilinx/PYNQ/boards/Pynq-Z1/base/InfoProc-Lab-3/myproj/project_1.gen/sources_1/bd/base/ip/base_ps7_0_0/base_ps7_0_0/base_ps7_0_0_in_context.xdc, line 170).
Applied set_property IO_BUFFER_TYPE = NONE for FIXED_IO_mio[19]. (constraint file  c:/Xilinx/PYNQ/boards/Pynq-Z1/base/InfoProc-Lab-3/myproj/project_1.gen/sources_1/bd/base/ip/base_ps7_0_0/base_ps7_0_0/base_ps7_0_0_in_context.xdc, line 171).
Applied set_property CLOCK_BUFFER_TYPE = NONE for FIXED_IO_mio[19]. (constraint file  c:/Xilinx/PYNQ/boards/Pynq-Z1/base/InfoProc-Lab-3/myproj/project_1.gen/sources_1/bd/base/ip/base_ps7_0_0/base_ps7_0_0/base_ps7_0_0_in_context.xdc, line 172).
Applied set_property IO_BUFFER_TYPE = NONE for FIXED_IO_mio[1]. (constraint file  c:/Xilinx/PYNQ/boards/Pynq-Z1/base/InfoProc-Lab-3/myproj/project_1.gen/sources_1/bd/base/ip/base_ps7_0_0/base_ps7_0_0/base_ps7_0_0_in_context.xdc, line 173).
Applied set_property CLOCK_BUFFER_TYPE = NONE for FIXED_IO_mio[1]. (constraint file  c:/Xilinx/PYNQ/boards/Pynq-Z1/base/InfoProc-Lab-3/myproj/project_1.gen/sources_1/bd/base/ip/base_ps7_0_0/base_ps7_0_0/base_ps7_0_0_in_context.xdc, line 174).
Applied set_property IO_BUFFER_TYPE = NONE for FIXED_IO_mio[20]. (constraint file  c:/Xilinx/PYNQ/boards/Pynq-Z1/base/InfoProc-Lab-3/myproj/project_1.gen/sources_1/bd/base/ip/base_ps7_0_0/base_ps7_0_0/base_ps7_0_0_in_context.xdc, line 175).
Applied set_property CLOCK_BUFFER_TYPE = NONE for FIXED_IO_mio[20]. (constraint file  c:/Xilinx/PYNQ/boards/Pynq-Z1/base/InfoProc-Lab-3/myproj/project_1.gen/sources_1/bd/base/ip/base_ps7_0_0/base_ps7_0_0/base_ps7_0_0_in_context.xdc, line 176).
Applied set_property IO_BUFFER_TYPE = NONE for FIXED_IO_mio[21]. (constraint file  c:/Xilinx/PYNQ/boards/Pynq-Z1/base/InfoProc-Lab-3/myproj/project_1.gen/sources_1/bd/base/ip/base_ps7_0_0/base_ps7_0_0/base_ps7_0_0_in_context.xdc, line 177).
Applied set_property CLOCK_BUFFER_TYPE = NONE for FIXED_IO_mio[21]. (constraint file  c:/Xilinx/PYNQ/boards/Pynq-Z1/base/InfoProc-Lab-3/myproj/project_1.gen/sources_1/bd/base/ip/base_ps7_0_0/base_ps7_0_0/base_ps7_0_0_in_context.xdc, line 178).
Applied set_property IO_BUFFER_TYPE = NONE for FIXED_IO_mio[22]. (constraint file  c:/Xilinx/PYNQ/boards/Pynq-Z1/base/InfoProc-Lab-3/myproj/project_1.gen/sources_1/bd/base/ip/base_ps7_0_0/base_ps7_0_0/base_ps7_0_0_in_context.xdc, line 179).
Applied set_property CLOCK_BUFFER_TYPE = NONE for FIXED_IO_mio[22]. (constraint file  c:/Xilinx/PYNQ/boards/Pynq-Z1/base/InfoProc-Lab-3/myproj/project_1.gen/sources_1/bd/base/ip/base_ps7_0_0/base_ps7_0_0/base_ps7_0_0_in_context.xdc, line 180).
Applied set_property IO_BUFFER_TYPE = NONE for FIXED_IO_mio[23]. (constraint file  c:/Xilinx/PYNQ/boards/Pynq-Z1/base/InfoProc-Lab-3/myproj/project_1.gen/sources_1/bd/base/ip/base_ps7_0_0/base_ps7_0_0/base_ps7_0_0_in_context.xdc, line 181).
Applied set_property CLOCK_BUFFER_TYPE = NONE for FIXED_IO_mio[23]. (constraint file  c:/Xilinx/PYNQ/boards/Pynq-Z1/base/InfoProc-Lab-3/myproj/project_1.gen/sources_1/bd/base/ip/base_ps7_0_0/base_ps7_0_0/base_ps7_0_0_in_context.xdc, line 182).
Applied set_property IO_BUFFER_TYPE = NONE for FIXED_IO_mio[24]. (constraint file  c:/Xilinx/PYNQ/boards/Pynq-Z1/base/InfoProc-Lab-3/myproj/project_1.gen/sources_1/bd/base/ip/base_ps7_0_0/base_ps7_0_0/base_ps7_0_0_in_context.xdc, line 183).
Applied set_property CLOCK_BUFFER_TYPE = NONE for FIXED_IO_mio[24]. (constraint file  c:/Xilinx/PYNQ/boards/Pynq-Z1/base/InfoProc-Lab-3/myproj/project_1.gen/sources_1/bd/base/ip/base_ps7_0_0/base_ps7_0_0/base_ps7_0_0_in_context.xdc, line 184).
Applied set_property IO_BUFFER_TYPE = NONE for FIXED_IO_mio[25]. (constraint file  c:/Xilinx/PYNQ/boards/Pynq-Z1/base/InfoProc-Lab-3/myproj/project_1.gen/sources_1/bd/base/ip/base_ps7_0_0/base_ps7_0_0/base_ps7_0_0_in_context.xdc, line 185).
Applied set_property CLOCK_BUFFER_TYPE = NONE for FIXED_IO_mio[25]. (constraint file  c:/Xilinx/PYNQ/boards/Pynq-Z1/base/InfoProc-Lab-3/myproj/project_1.gen/sources_1/bd/base/ip/base_ps7_0_0/base_ps7_0_0/base_ps7_0_0_in_context.xdc, line 186).
Applied set_property IO_BUFFER_TYPE = NONE for FIXED_IO_mio[26]. (constraint file  c:/Xilinx/PYNQ/boards/Pynq-Z1/base/InfoProc-Lab-3/myproj/project_1.gen/sources_1/bd/base/ip/base_ps7_0_0/base_ps7_0_0/base_ps7_0_0_in_context.xdc, line 187).
Applied set_property CLOCK_BUFFER_TYPE = NONE for FIXED_IO_mio[26]. (constraint file  c:/Xilinx/PYNQ/boards/Pynq-Z1/base/InfoProc-Lab-3/myproj/project_1.gen/sources_1/bd/base/ip/base_ps7_0_0/base_ps7_0_0/base_ps7_0_0_in_context.xdc, line 188).
Applied set_property IO_BUFFER_TYPE = NONE for FIXED_IO_mio[27]. (constraint file  c:/Xilinx/PYNQ/boards/Pynq-Z1/base/InfoProc-Lab-3/myproj/project_1.gen/sources_1/bd/base/ip/base_ps7_0_0/base_ps7_0_0/base_ps7_0_0_in_context.xdc, line 189).
Applied set_property CLOCK_BUFFER_TYPE = NONE for FIXED_IO_mio[27]. (constraint file  c:/Xilinx/PYNQ/boards/Pynq-Z1/base/InfoProc-Lab-3/myproj/project_1.gen/sources_1/bd/base/ip/base_ps7_0_0/base_ps7_0_0/base_ps7_0_0_in_context.xdc, line 190).
Applied set_property IO_BUFFER_TYPE = NONE for FIXED_IO_mio[28]. (constraint file  c:/Xilinx/PYNQ/boards/Pynq-Z1/base/InfoProc-Lab-3/myproj/project_1.gen/sources_1/bd/base/ip/base_ps7_0_0/base_ps7_0_0/base_ps7_0_0_in_context.xdc, line 191).
Applied set_property CLOCK_BUFFER_TYPE = NONE for FIXED_IO_mio[28]. (constraint file  c:/Xilinx/PYNQ/boards/Pynq-Z1/base/InfoProc-Lab-3/myproj/project_1.gen/sources_1/bd/base/ip/base_ps7_0_0/base_ps7_0_0/base_ps7_0_0_in_context.xdc, line 192).
Applied set_property IO_BUFFER_TYPE = NONE for FIXED_IO_mio[29]. (constraint file  c:/Xilinx/PYNQ/boards/Pynq-Z1/base/InfoProc-Lab-3/myproj/project_1.gen/sources_1/bd/base/ip/base_ps7_0_0/base_ps7_0_0/base_ps7_0_0_in_context.xdc, line 193).
Applied set_property CLOCK_BUFFER_TYPE = NONE for FIXED_IO_mio[29]. (constraint file  c:/Xilinx/PYNQ/boards/Pynq-Z1/base/InfoProc-Lab-3/myproj/project_1.gen/sources_1/bd/base/ip/base_ps7_0_0/base_ps7_0_0/base_ps7_0_0_in_context.xdc, line 194).
Applied set_property IO_BUFFER_TYPE = NONE for FIXED_IO_mio[2]. (constraint file  c:/Xilinx/PYNQ/boards/Pynq-Z1/base/InfoProc-Lab-3/myproj/project_1.gen/sources_1/bd/base/ip/base_ps7_0_0/base_ps7_0_0/base_ps7_0_0_in_context.xdc, line 195).
Applied set_property CLOCK_BUFFER_TYPE = NONE for FIXED_IO_mio[2]. (constraint file  c:/Xilinx/PYNQ/boards/Pynq-Z1/base/InfoProc-Lab-3/myproj/project_1.gen/sources_1/bd/base/ip/base_ps7_0_0/base_ps7_0_0/base_ps7_0_0_in_context.xdc, line 196).
Applied set_property IO_BUFFER_TYPE = NONE for FIXED_IO_mio[30]. (constraint file  c:/Xilinx/PYNQ/boards/Pynq-Z1/base/InfoProc-Lab-3/myproj/project_1.gen/sources_1/bd/base/ip/base_ps7_0_0/base_ps7_0_0/base_ps7_0_0_in_context.xdc, line 197).
Applied set_property CLOCK_BUFFER_TYPE = NONE for FIXED_IO_mio[30]. (constraint file  c:/Xilinx/PYNQ/boards/Pynq-Z1/base/InfoProc-Lab-3/myproj/project_1.gen/sources_1/bd/base/ip/base_ps7_0_0/base_ps7_0_0/base_ps7_0_0_in_context.xdc, line 198).
Applied set_property IO_BUFFER_TYPE = NONE for FIXED_IO_mio[31]. (constraint file  c:/Xilinx/PYNQ/boards/Pynq-Z1/base/InfoProc-Lab-3/myproj/project_1.gen/sources_1/bd/base/ip/base_ps7_0_0/base_ps7_0_0/base_ps7_0_0_in_context.xdc, line 199).
Applied set_property CLOCK_BUFFER_TYPE = NONE for FIXED_IO_mio[31]. (constraint file  c:/Xilinx/PYNQ/boards/Pynq-Z1/base/InfoProc-Lab-3/myproj/project_1.gen/sources_1/bd/base/ip/base_ps7_0_0/base_ps7_0_0/base_ps7_0_0_in_context.xdc, line 200).
Applied set_property IO_BUFFER_TYPE = NONE for FIXED_IO_mio[32]. (constraint file  c:/Xilinx/PYNQ/boards/Pynq-Z1/base/InfoProc-Lab-3/myproj/project_1.gen/sources_1/bd/base/ip/base_ps7_0_0/base_ps7_0_0/base_ps7_0_0_in_context.xdc, line 201).
Applied set_property CLOCK_BUFFER_TYPE = NONE for FIXED_IO_mio[32]. (constraint file  c:/Xilinx/PYNQ/boards/Pynq-Z1/base/InfoProc-Lab-3/myproj/project_1.gen/sources_1/bd/base/ip/base_ps7_0_0/base_ps7_0_0/base_ps7_0_0_in_context.xdc, line 202).
Applied set_property IO_BUFFER_TYPE = NONE for FIXED_IO_mio[33]. (constraint file  c:/Xilinx/PYNQ/boards/Pynq-Z1/base/InfoProc-Lab-3/myproj/project_1.gen/sources_1/bd/base/ip/base_ps7_0_0/base_ps7_0_0/base_ps7_0_0_in_context.xdc, line 203).
Applied set_property CLOCK_BUFFER_TYPE = NONE for FIXED_IO_mio[33]. (constraint file  c:/Xilinx/PYNQ/boards/Pynq-Z1/base/InfoProc-Lab-3/myproj/project_1.gen/sources_1/bd/base/ip/base_ps7_0_0/base_ps7_0_0/base_ps7_0_0_in_context.xdc, line 204).
Applied set_property IO_BUFFER_TYPE = NONE for FIXED_IO_mio[34]. (constraint file  c:/Xilinx/PYNQ/boards/Pynq-Z1/base/InfoProc-Lab-3/myproj/project_1.gen/sources_1/bd/base/ip/base_ps7_0_0/base_ps7_0_0/base_ps7_0_0_in_context.xdc, line 205).
Applied set_property CLOCK_BUFFER_TYPE = NONE for FIXED_IO_mio[34]. (constraint file  c:/Xilinx/PYNQ/boards/Pynq-Z1/base/InfoProc-Lab-3/myproj/project_1.gen/sources_1/bd/base/ip/base_ps7_0_0/base_ps7_0_0/base_ps7_0_0_in_context.xdc, line 206).
Applied set_property IO_BUFFER_TYPE = NONE for FIXED_IO_mio[35]. (constraint file  c:/Xilinx/PYNQ/boards/Pynq-Z1/base/InfoProc-Lab-3/myproj/project_1.gen/sources_1/bd/base/ip/base_ps7_0_0/base_ps7_0_0/base_ps7_0_0_in_context.xdc, line 207).
Applied set_property CLOCK_BUFFER_TYPE = NONE for FIXED_IO_mio[35]. (constraint file  c:/Xilinx/PYNQ/boards/Pynq-Z1/base/InfoProc-Lab-3/myproj/project_1.gen/sources_1/bd/base/ip/base_ps7_0_0/base_ps7_0_0/base_ps7_0_0_in_context.xdc, line 208).
Applied set_property IO_BUFFER_TYPE = NONE for FIXED_IO_mio[36]. (constraint file  c:/Xilinx/PYNQ/boards/Pynq-Z1/base/InfoProc-Lab-3/myproj/project_1.gen/sources_1/bd/base/ip/base_ps7_0_0/base_ps7_0_0/base_ps7_0_0_in_context.xdc, line 209).
Applied set_property CLOCK_BUFFER_TYPE = NONE for FIXED_IO_mio[36]. (constraint file  c:/Xilinx/PYNQ/boards/Pynq-Z1/base/InfoProc-Lab-3/myproj/project_1.gen/sources_1/bd/base/ip/base_ps7_0_0/base_ps7_0_0/base_ps7_0_0_in_context.xdc, line 210).
Applied set_property IO_BUFFER_TYPE = NONE for FIXED_IO_mio[37]. (constraint file  c:/Xilinx/PYNQ/boards/Pynq-Z1/base/InfoProc-Lab-3/myproj/project_1.gen/sources_1/bd/base/ip/base_ps7_0_0/base_ps7_0_0/base_ps7_0_0_in_context.xdc, line 211).
Applied set_property CLOCK_BUFFER_TYPE = NONE for FIXED_IO_mio[37]. (constraint file  c:/Xilinx/PYNQ/boards/Pynq-Z1/base/InfoProc-Lab-3/myproj/project_1.gen/sources_1/bd/base/ip/base_ps7_0_0/base_ps7_0_0/base_ps7_0_0_in_context.xdc, line 212).
Applied set_property IO_BUFFER_TYPE = NONE for FIXED_IO_mio[38]. (constraint file  c:/Xilinx/PYNQ/boards/Pynq-Z1/base/InfoProc-Lab-3/myproj/project_1.gen/sources_1/bd/base/ip/base_ps7_0_0/base_ps7_0_0/base_ps7_0_0_in_context.xdc, line 213).
Applied set_property CLOCK_BUFFER_TYPE = NONE for FIXED_IO_mio[38]. (constraint file  c:/Xilinx/PYNQ/boards/Pynq-Z1/base/InfoProc-Lab-3/myproj/project_1.gen/sources_1/bd/base/ip/base_ps7_0_0/base_ps7_0_0/base_ps7_0_0_in_context.xdc, line 214).
Applied set_property IO_BUFFER_TYPE = NONE for FIXED_IO_mio[39]. (constraint file  c:/Xilinx/PYNQ/boards/Pynq-Z1/base/InfoProc-Lab-3/myproj/project_1.gen/sources_1/bd/base/ip/base_ps7_0_0/base_ps7_0_0/base_ps7_0_0_in_context.xdc, line 215).
Applied set_property CLOCK_BUFFER_TYPE = NONE for FIXED_IO_mio[39]. (constraint file  c:/Xilinx/PYNQ/boards/Pynq-Z1/base/InfoProc-Lab-3/myproj/project_1.gen/sources_1/bd/base/ip/base_ps7_0_0/base_ps7_0_0/base_ps7_0_0_in_context.xdc, line 216).
Applied set_property IO_BUFFER_TYPE = NONE for FIXED_IO_mio[3]. (constraint file  c:/Xilinx/PYNQ/boards/Pynq-Z1/base/InfoProc-Lab-3/myproj/project_1.gen/sources_1/bd/base/ip/base_ps7_0_0/base_ps7_0_0/base_ps7_0_0_in_context.xdc, line 217).
Applied set_property CLOCK_BUFFER_TYPE = NONE for FIXED_IO_mio[3]. (constraint file  c:/Xilinx/PYNQ/boards/Pynq-Z1/base/InfoProc-Lab-3/myproj/project_1.gen/sources_1/bd/base/ip/base_ps7_0_0/base_ps7_0_0/base_ps7_0_0_in_context.xdc, line 218).
Applied set_property IO_BUFFER_TYPE = NONE for FIXED_IO_mio[40]. (constraint file  c:/Xilinx/PYNQ/boards/Pynq-Z1/base/InfoProc-Lab-3/myproj/project_1.gen/sources_1/bd/base/ip/base_ps7_0_0/base_ps7_0_0/base_ps7_0_0_in_context.xdc, line 219).
Applied set_property CLOCK_BUFFER_TYPE = NONE for FIXED_IO_mio[40]. (constraint file  c:/Xilinx/PYNQ/boards/Pynq-Z1/base/InfoProc-Lab-3/myproj/project_1.gen/sources_1/bd/base/ip/base_ps7_0_0/base_ps7_0_0/base_ps7_0_0_in_context.xdc, line 220).
Applied set_property IO_BUFFER_TYPE = NONE for FIXED_IO_mio[41]. (constraint file  c:/Xilinx/PYNQ/boards/Pynq-Z1/base/InfoProc-Lab-3/myproj/project_1.gen/sources_1/bd/base/ip/base_ps7_0_0/base_ps7_0_0/base_ps7_0_0_in_context.xdc, line 221).
Applied set_property CLOCK_BUFFER_TYPE = NONE for FIXED_IO_mio[41]. (constraint file  c:/Xilinx/PYNQ/boards/Pynq-Z1/base/InfoProc-Lab-3/myproj/project_1.gen/sources_1/bd/base/ip/base_ps7_0_0/base_ps7_0_0/base_ps7_0_0_in_context.xdc, line 222).
Applied set_property IO_BUFFER_TYPE = NONE for FIXED_IO_mio[42]. (constraint file  c:/Xilinx/PYNQ/boards/Pynq-Z1/base/InfoProc-Lab-3/myproj/project_1.gen/sources_1/bd/base/ip/base_ps7_0_0/base_ps7_0_0/base_ps7_0_0_in_context.xdc, line 223).
Applied set_property CLOCK_BUFFER_TYPE = NONE for FIXED_IO_mio[42]. (constraint file  c:/Xilinx/PYNQ/boards/Pynq-Z1/base/InfoProc-Lab-3/myproj/project_1.gen/sources_1/bd/base/ip/base_ps7_0_0/base_ps7_0_0/base_ps7_0_0_in_context.xdc, line 224).
Applied set_property IO_BUFFER_TYPE = NONE for FIXED_IO_mio[43]. (constraint file  c:/Xilinx/PYNQ/boards/Pynq-Z1/base/InfoProc-Lab-3/myproj/project_1.gen/sources_1/bd/base/ip/base_ps7_0_0/base_ps7_0_0/base_ps7_0_0_in_context.xdc, line 225).
Applied set_property CLOCK_BUFFER_TYPE = NONE for FIXED_IO_mio[43]. (constraint file  c:/Xilinx/PYNQ/boards/Pynq-Z1/base/InfoProc-Lab-3/myproj/project_1.gen/sources_1/bd/base/ip/base_ps7_0_0/base_ps7_0_0/base_ps7_0_0_in_context.xdc, line 226).
Applied set_property IO_BUFFER_TYPE = NONE for FIXED_IO_mio[44]. (constraint file  c:/Xilinx/PYNQ/boards/Pynq-Z1/base/InfoProc-Lab-3/myproj/project_1.gen/sources_1/bd/base/ip/base_ps7_0_0/base_ps7_0_0/base_ps7_0_0_in_context.xdc, line 227).
Applied set_property CLOCK_BUFFER_TYPE = NONE for FIXED_IO_mio[44]. (constraint file  c:/Xilinx/PYNQ/boards/Pynq-Z1/base/InfoProc-Lab-3/myproj/project_1.gen/sources_1/bd/base/ip/base_ps7_0_0/base_ps7_0_0/base_ps7_0_0_in_context.xdc, line 228).
Applied set_property IO_BUFFER_TYPE = NONE for FIXED_IO_mio[45]. (constraint file  c:/Xilinx/PYNQ/boards/Pynq-Z1/base/InfoProc-Lab-3/myproj/project_1.gen/sources_1/bd/base/ip/base_ps7_0_0/base_ps7_0_0/base_ps7_0_0_in_context.xdc, line 229).
Applied set_property CLOCK_BUFFER_TYPE = NONE for FIXED_IO_mio[45]. (constraint file  c:/Xilinx/PYNQ/boards/Pynq-Z1/base/InfoProc-Lab-3/myproj/project_1.gen/sources_1/bd/base/ip/base_ps7_0_0/base_ps7_0_0/base_ps7_0_0_in_context.xdc, line 230).
Applied set_property IO_BUFFER_TYPE = NONE for FIXED_IO_mio[46]. (constraint file  c:/Xilinx/PYNQ/boards/Pynq-Z1/base/InfoProc-Lab-3/myproj/project_1.gen/sources_1/bd/base/ip/base_ps7_0_0/base_ps7_0_0/base_ps7_0_0_in_context.xdc, line 231).
Applied set_property CLOCK_BUFFER_TYPE = NONE for FIXED_IO_mio[46]. (constraint file  c:/Xilinx/PYNQ/boards/Pynq-Z1/base/InfoProc-Lab-3/myproj/project_1.gen/sources_1/bd/base/ip/base_ps7_0_0/base_ps7_0_0/base_ps7_0_0_in_context.xdc, line 232).
Applied set_property IO_BUFFER_TYPE = NONE for FIXED_IO_mio[47]. (constraint file  c:/Xilinx/PYNQ/boards/Pynq-Z1/base/InfoProc-Lab-3/myproj/project_1.gen/sources_1/bd/base/ip/base_ps7_0_0/base_ps7_0_0/base_ps7_0_0_in_context.xdc, line 233).
Applied set_property CLOCK_BUFFER_TYPE = NONE for FIXED_IO_mio[47]. (constraint file  c:/Xilinx/PYNQ/boards/Pynq-Z1/base/InfoProc-Lab-3/myproj/project_1.gen/sources_1/bd/base/ip/base_ps7_0_0/base_ps7_0_0/base_ps7_0_0_in_context.xdc, line 234).
Applied set_property IO_BUFFER_TYPE = NONE for FIXED_IO_mio[48]. (constraint file  c:/Xilinx/PYNQ/boards/Pynq-Z1/base/InfoProc-Lab-3/myproj/project_1.gen/sources_1/bd/base/ip/base_ps7_0_0/base_ps7_0_0/base_ps7_0_0_in_context.xdc, line 235).
Applied set_property CLOCK_BUFFER_TYPE = NONE for FIXED_IO_mio[48]. (constraint file  c:/Xilinx/PYNQ/boards/Pynq-Z1/base/InfoProc-Lab-3/myproj/project_1.gen/sources_1/bd/base/ip/base_ps7_0_0/base_ps7_0_0/base_ps7_0_0_in_context.xdc, line 236).
Applied set_property IO_BUFFER_TYPE = NONE for FIXED_IO_mio[49]. (constraint file  c:/Xilinx/PYNQ/boards/Pynq-Z1/base/InfoProc-Lab-3/myproj/project_1.gen/sources_1/bd/base/ip/base_ps7_0_0/base_ps7_0_0/base_ps7_0_0_in_context.xdc, line 237).
Applied set_property CLOCK_BUFFER_TYPE = NONE for FIXED_IO_mio[49]. (constraint file  c:/Xilinx/PYNQ/boards/Pynq-Z1/base/InfoProc-Lab-3/myproj/project_1.gen/sources_1/bd/base/ip/base_ps7_0_0/base_ps7_0_0/base_ps7_0_0_in_context.xdc, line 238).
Applied set_property IO_BUFFER_TYPE = NONE for FIXED_IO_mio[4]. (constraint file  c:/Xilinx/PYNQ/boards/Pynq-Z1/base/InfoProc-Lab-3/myproj/project_1.gen/sources_1/bd/base/ip/base_ps7_0_0/base_ps7_0_0/base_ps7_0_0_in_context.xdc, line 239).
Applied set_property CLOCK_BUFFER_TYPE = NONE for FIXED_IO_mio[4]. (constraint file  c:/Xilinx/PYNQ/boards/Pynq-Z1/base/InfoProc-Lab-3/myproj/project_1.gen/sources_1/bd/base/ip/base_ps7_0_0/base_ps7_0_0/base_ps7_0_0_in_context.xdc, line 240).
Applied set_property IO_BUFFER_TYPE = NONE for FIXED_IO_mio[50]. (constraint file  c:/Xilinx/PYNQ/boards/Pynq-Z1/base/InfoProc-Lab-3/myproj/project_1.gen/sources_1/bd/base/ip/base_ps7_0_0/base_ps7_0_0/base_ps7_0_0_in_context.xdc, line 241).
Applied set_property CLOCK_BUFFER_TYPE = NONE for FIXED_IO_mio[50]. (constraint file  c:/Xilinx/PYNQ/boards/Pynq-Z1/base/InfoProc-Lab-3/myproj/project_1.gen/sources_1/bd/base/ip/base_ps7_0_0/base_ps7_0_0/base_ps7_0_0_in_context.xdc, line 242).
Applied set_property IO_BUFFER_TYPE = NONE for FIXED_IO_mio[51]. (constraint file  c:/Xilinx/PYNQ/boards/Pynq-Z1/base/InfoProc-Lab-3/myproj/project_1.gen/sources_1/bd/base/ip/base_ps7_0_0/base_ps7_0_0/base_ps7_0_0_in_context.xdc, line 243).
Applied set_property CLOCK_BUFFER_TYPE = NONE for FIXED_IO_mio[51]. (constraint file  c:/Xilinx/PYNQ/boards/Pynq-Z1/base/InfoProc-Lab-3/myproj/project_1.gen/sources_1/bd/base/ip/base_ps7_0_0/base_ps7_0_0/base_ps7_0_0_in_context.xdc, line 244).
Applied set_property IO_BUFFER_TYPE = NONE for FIXED_IO_mio[52]. (constraint file  c:/Xilinx/PYNQ/boards/Pynq-Z1/base/InfoProc-Lab-3/myproj/project_1.gen/sources_1/bd/base/ip/base_ps7_0_0/base_ps7_0_0/base_ps7_0_0_in_context.xdc, line 245).
Applied set_property CLOCK_BUFFER_TYPE = NONE for FIXED_IO_mio[52]. (constraint file  c:/Xilinx/PYNQ/boards/Pynq-Z1/base/InfoProc-Lab-3/myproj/project_1.gen/sources_1/bd/base/ip/base_ps7_0_0/base_ps7_0_0/base_ps7_0_0_in_context.xdc, line 246).
Applied set_property IO_BUFFER_TYPE = NONE for FIXED_IO_mio[53]. (constraint file  c:/Xilinx/PYNQ/boards/Pynq-Z1/base/InfoProc-Lab-3/myproj/project_1.gen/sources_1/bd/base/ip/base_ps7_0_0/base_ps7_0_0/base_ps7_0_0_in_context.xdc, line 247).
Applied set_property CLOCK_BUFFER_TYPE = NONE for FIXED_IO_mio[53]. (constraint file  c:/Xilinx/PYNQ/boards/Pynq-Z1/base/InfoProc-Lab-3/myproj/project_1.gen/sources_1/bd/base/ip/base_ps7_0_0/base_ps7_0_0/base_ps7_0_0_in_context.xdc, line 248).
Applied set_property IO_BUFFER_TYPE = NONE for FIXED_IO_mio[5]. (constraint file  c:/Xilinx/PYNQ/boards/Pynq-Z1/base/InfoProc-Lab-3/myproj/project_1.gen/sources_1/bd/base/ip/base_ps7_0_0/base_ps7_0_0/base_ps7_0_0_in_context.xdc, line 249).
Applied set_property CLOCK_BUFFER_TYPE = NONE for FIXED_IO_mio[5]. (constraint file  c:/Xilinx/PYNQ/boards/Pynq-Z1/base/InfoProc-Lab-3/myproj/project_1.gen/sources_1/bd/base/ip/base_ps7_0_0/base_ps7_0_0/base_ps7_0_0_in_context.xdc, line 250).
Applied set_property IO_BUFFER_TYPE = NONE for FIXED_IO_mio[6]. (constraint file  c:/Xilinx/PYNQ/boards/Pynq-Z1/base/InfoProc-Lab-3/myproj/project_1.gen/sources_1/bd/base/ip/base_ps7_0_0/base_ps7_0_0/base_ps7_0_0_in_context.xdc, line 251).
Applied set_property CLOCK_BUFFER_TYPE = NONE for FIXED_IO_mio[6]. (constraint file  c:/Xilinx/PYNQ/boards/Pynq-Z1/base/InfoProc-Lab-3/myproj/project_1.gen/sources_1/bd/base/ip/base_ps7_0_0/base_ps7_0_0/base_ps7_0_0_in_context.xdc, line 252).
Applied set_property IO_BUFFER_TYPE = NONE for FIXED_IO_mio[7]. (constraint file  c:/Xilinx/PYNQ/boards/Pynq-Z1/base/InfoProc-Lab-3/myproj/project_1.gen/sources_1/bd/base/ip/base_ps7_0_0/base_ps7_0_0/base_ps7_0_0_in_context.xdc, line 253).
Applied set_property CLOCK_BUFFER_TYPE = NONE for FIXED_IO_mio[7]. (constraint file  c:/Xilinx/PYNQ/boards/Pynq-Z1/base/InfoProc-Lab-3/myproj/project_1.gen/sources_1/bd/base/ip/base_ps7_0_0/base_ps7_0_0/base_ps7_0_0_in_context.xdc, line 254).
Applied set_property IO_BUFFER_TYPE = NONE for FIXED_IO_mio[8]. (constraint file  c:/Xilinx/PYNQ/boards/Pynq-Z1/base/InfoProc-Lab-3/myproj/project_1.gen/sources_1/bd/base/ip/base_ps7_0_0/base_ps7_0_0/base_ps7_0_0_in_context.xdc, line 255).
Applied set_property CLOCK_BUFFER_TYPE = NONE for FIXED_IO_mio[8]. (constraint file  c:/Xilinx/PYNQ/boards/Pynq-Z1/base/InfoProc-Lab-3/myproj/project_1.gen/sources_1/bd/base/ip/base_ps7_0_0/base_ps7_0_0/base_ps7_0_0_in_context.xdc, line 256).
Applied set_property IO_BUFFER_TYPE = NONE for FIXED_IO_mio[9]. (constraint file  c:/Xilinx/PYNQ/boards/Pynq-Z1/base/InfoProc-Lab-3/myproj/project_1.gen/sources_1/bd/base/ip/base_ps7_0_0/base_ps7_0_0/base_ps7_0_0_in_context.xdc, line 257).
Applied set_property CLOCK_BUFFER_TYPE = NONE for FIXED_IO_mio[9]. (constraint file  c:/Xilinx/PYNQ/boards/Pynq-Z1/base/InfoProc-Lab-3/myproj/project_1.gen/sources_1/bd/base/ip/base_ps7_0_0/base_ps7_0_0/base_ps7_0_0_in_context.xdc, line 258).
Applied set_property IO_BUFFER_TYPE = NONE for FIXED_IO_ps_clk. (constraint file  c:/Xilinx/PYNQ/boards/Pynq-Z1/base/InfoProc-Lab-3/myproj/project_1.gen/sources_1/bd/base/ip/base_ps7_0_0/base_ps7_0_0/base_ps7_0_0_in_context.xdc, line 259).
Applied set_property CLOCK_BUFFER_TYPE = NONE for FIXED_IO_ps_clk. (constraint file  c:/Xilinx/PYNQ/boards/Pynq-Z1/base/InfoProc-Lab-3/myproj/project_1.gen/sources_1/bd/base/ip/base_ps7_0_0/base_ps7_0_0/base_ps7_0_0_in_context.xdc, line 260).
Applied set_property IO_BUFFER_TYPE = NONE for FIXED_IO_ps_porb. (constraint file  c:/Xilinx/PYNQ/boards/Pynq-Z1/base/InfoProc-Lab-3/myproj/project_1.gen/sources_1/bd/base/ip/base_ps7_0_0/base_ps7_0_0/base_ps7_0_0_in_context.xdc, line 261).
Applied set_property CLOCK_BUFFER_TYPE = NONE for FIXED_IO_ps_porb. (constraint file  c:/Xilinx/PYNQ/boards/Pynq-Z1/base/InfoProc-Lab-3/myproj/project_1.gen/sources_1/bd/base/ip/base_ps7_0_0/base_ps7_0_0/base_ps7_0_0_in_context.xdc, line 262).
Applied set_property IO_BUFFER_TYPE = NONE for FIXED_IO_ps_srstb. (constraint file  c:/Xilinx/PYNQ/boards/Pynq-Z1/base/InfoProc-Lab-3/myproj/project_1.gen/sources_1/bd/base/ip/base_ps7_0_0/base_ps7_0_0/base_ps7_0_0_in_context.xdc, line 263).
Applied set_property CLOCK_BUFFER_TYPE = NONE for FIXED_IO_ps_srstb. (constraint file  c:/Xilinx/PYNQ/boards/Pynq-Z1/base/InfoProc-Lab-3/myproj/project_1.gen/sources_1/bd/base/ip/base_ps7_0_0/base_ps7_0_0/base_ps7_0_0_in_context.xdc, line 264).
Applied set_property KEEP_HIERARCHY = SOFT for base_i. (constraint file  auto generated constraint).
Applied set_property KEEP_HIERARCHY = SOFT for base_i/audio_path_sel. (constraint file  auto generated constraint).
Applied set_property KEEP_HIERARCHY = SOFT for base_i/ps7_0. (constraint file  auto generated constraint).
Applied set_property KEEP_HIERARCHY = SOFT for base_i/ps7_0_axi_periph/xbar. (constraint file  auto generated constraint).
Applied set_property KEEP_HIERARCHY = SOFT for base_i/ps7_0_axi_periph/s00_couplers/auto_pc. (constraint file  auto generated constraint).
Applied set_property KEEP_HIERARCHY = SOFT for base_i/ps7_0_axi_periph/s01_couplers/auto_cc. (constraint file  auto generated constraint).
Applied set_property KEEP_HIERARCHY = SOFT for base_i/ps7_0_axi_periph/s01_couplers/auto_pc. (constraint file  auto generated constraint).
Applied set_property KEEP_HIERARCHY = SOFT for base_i/ps7_0_axi_periph/s00_mmu. (constraint file  auto generated constraint).
Applied set_property KEEP_HIERARCHY = SOFT for base_i/ps7_0_axi_periph/s01_mmu. (constraint file  auto generated constraint).
Applied set_property KEEP_HIERARCHY = SOFT for base_i/ps7_0_axi_periph. (constraint file  auto generated constraint).
Applied set_property KEEP_HIERARCHY = SOFT for base_i/rst_ps7_0_100M. (constraint file  auto generated constraint).
Applied set_property KEEP_HIERARCHY = SOFT for base_i/rst_ps7_0_100M_1. (constraint file  auto generated constraint).
Applied set_property KEEP_HIERARCHY = SOFT for base_i/ila_0. (constraint file  auto generated constraint).
Applied set_property KEEP_HIERARCHY = SOFT for base_i/axi_gpio_0. (constraint file  auto generated constraint).
Applied set_property KEEP_HIERARCHY = SOFT for base_i/pdm_microphone_0. (constraint file  auto generated constraint).
Applied set_property KEEP_HIERARCHY = SOFT for base_i/audio_direct_0. (constraint file  auto generated constraint).
---------------------------------------------------------------------------------
Finished applying 'set_property' XDC Constraints : Time (s): cpu = 00:00:07 ; elapsed = 00:00:08 . Memory (MB): peak = 1281.613 ; gain = 173.891
---------------------------------------------------------------------------------
---------------------------------------------------------------------------------
Finished RTL Optimization Phase 2 : Time (s): cpu = 00:00:08 ; elapsed = 00:00:08 . Memory (MB): peak = 1281.613 ; gain = 173.891
---------------------------------------------------------------------------------
---------------------------------------------------------------------------------
Start RTL Component Statistics 
---------------------------------------------------------------------------------
Detailed RTL Component Info : 
---------------------------------------------------------------------------------
Finished RTL Component Statistics 
---------------------------------------------------------------------------------
---------------------------------------------------------------------------------
Start Part Resource Summary
---------------------------------------------------------------------------------
Part Resources:
DSPs: 220 (col length:60)
BRAMs: 280 (col length: RAMB18 60 RAMB36 30)
---------------------------------------------------------------------------------
Finished Part Resource Summary
---------------------------------------------------------------------------------
---------------------------------------------------------------------------------
Start Cross Boundary and Area Optimization
---------------------------------------------------------------------------------
---------------------------------------------------------------------------------
Finished Cross Boundary and Area Optimization : Time (s): cpu = 00:00:08 ; elapsed = 00:00:09 . Memory (MB): peak = 1281.613 ; gain = 173.891
---------------------------------------------------------------------------------
---------------------------------------------------------------------------------
Start Applying XDC Timing Constraints
---------------------------------------------------------------------------------
---------------------------------------------------------------------------------
Finished Applying XDC Timing Constraints : Time (s): cpu = 00:00:12 ; elapsed = 00:00:12 . Memory (MB): peak = 1328.078 ; gain = 220.355
---------------------------------------------------------------------------------
---------------------------------------------------------------------------------
Start Timing Optimization
---------------------------------------------------------------------------------
---------------------------------------------------------------------------------
Finished Timing Optimization : Time (s): cpu = 00:00:12 ; elapsed = 00:00:12 . Memory (MB): peak = 1328.523 ; gain = 220.801
---------------------------------------------------------------------------------
---------------------------------------------------------------------------------
Start Technology Mapping
---------------------------------------------------------------------------------
---------------------------------------------------------------------------------
Finished Technology Mapping : Time (s): cpu = 00:00:12 ; elapsed = 00:00:12 . Memory (MB): peak = 1348.152 ; gain = 240.430
---------------------------------------------------------------------------------
---------------------------------------------------------------------------------
Start IO Insertion
---------------------------------------------------------------------------------
---------------------------------------------------------------------------------
Start Flattening Before IO Insertion
---------------------------------------------------------------------------------
---------------------------------------------------------------------------------
Finished Flattening Before IO Insertion
---------------------------------------------------------------------------------
---------------------------------------------------------------------------------
Start Final Netlist Cleanup
---------------------------------------------------------------------------------
---------------------------------------------------------------------------------
Finished Final Netlist Cleanup
---------------------------------------------------------------------------------
---------------------------------------------------------------------------------
Finished IO Insertion : Time (s): cpu = 00:00:14 ; elapsed = 00:00:14 . Memory (MB): peak = 1352.930 ; gain = 245.207
---------------------------------------------------------------------------------
---------------------------------------------------------------------------------
Start Renaming Generated Instances
---------------------------------------------------------------------------------
---------------------------------------------------------------------------------
Finished Renaming Generated Instances : Time (s): cpu = 00:00:14 ; elapsed = 00:00:14 . Memory (MB): peak = 1352.930 ; gain = 245.207
---------------------------------------------------------------------------------
---------------------------------------------------------------------------------
Start Rebuilding User Hierarchy
---------------------------------------------------------------------------------
---------------------------------------------------------------------------------
Finished Rebuilding User Hierarchy : Time (s): cpu = 00:00:14 ; elapsed = 00:00:14 . Memory (MB): peak = 1352.930 ; gain = 245.207
---------------------------------------------------------------------------------
---------------------------------------------------------------------------------
Start Renaming Generated Ports
---------------------------------------------------------------------------------
---------------------------------------------------------------------------------
Finished Renaming Generated Ports : Time (s): cpu = 00:00:14 ; elapsed = 00:00:14 . Memory (MB): peak = 1352.930 ; gain = 245.207
---------------------------------------------------------------------------------
---------------------------------------------------------------------------------
Start Handling Custom Attributes
---------------------------------------------------------------------------------
---------------------------------------------------------------------------------
Finished Handling Custom Attributes : Time (s): cpu = 00:00:14 ; elapsed = 00:00:14 . Memory (MB): peak = 1352.930 ; gain = 245.207
---------------------------------------------------------------------------------
---------------------------------------------------------------------------------
Start Renaming Generated Nets
---------------------------------------------------------------------------------
---------------------------------------------------------------------------------
Finished Renaming Generated Nets : Time (s): cpu = 00:00:14 ; elapsed = 00:00:14 . Memory (MB): peak = 1352.930 ; gain = 245.207
---------------------------------------------------------------------------------
---------------------------------------------------------------------------------
Start Writing Synthesis Report
---------------------------------------------------------------------------------

Report BlackBoxes: 
+------+------------------------+----------+
|      |BlackBox name           |Instances |
+------+------------------------+----------+
|1     |base_s00_mmu_0          |         1|
|2     |base_s01_mmu_0          |         1|
|3     |base_xbar_0             |         1|
|4     |base_auto_pc_0          |         1|
|5     |base_auto_cc_0          |         1|
|6     |base_auto_pc_1          |         1|
|7     |base_audio_direct_0_3   |         1|
|8     |base_axi_gpio_0_2       |         1|
|9     |base_ila_0_1            |         1|
|10    |base_pdm_microphone_0_2 |         1|
|11    |base_ps7_0_0            |         1|
|12    |base_rst_ps7_0_100M_0   |         1|
|13    |base_rst_ps7_0_100M_1_0 |         1|
+------+------------------------+----------+

Report Cell Usage: 
+------+----------------------+------+
|      |Cell                  |Count |
+------+----------------------+------+
|1     |base_audio_direct_0   |     1|
|2     |base_auto_cc          |     1|
|3     |base_auto_pc          |     2|
|5     |base_axi_gpio_0       |     1|
|6     |base_ila_0            |     1|
|7     |base_pdm_microphone_0 |     1|
|8     |base_ps7_0            |     1|
|9     |base_rst_ps7_0_100M   |     1|
|10    |base_rst_ps7_0_100M_1 |     1|
|11    |base_s00_mmu          |     1|
|12    |base_s01_mmu          |     1|
|13    |base_xbar             |     1|
|14    |IBUF                  |     5|
|15    |OBUF                  |     3|
+------+----------------------+------+
---------------------------------------------------------------------------------
Finished Writing Synthesis Report : Time (s): cpu = 00:00:14 ; elapsed = 00:00:14 . Memory (MB): peak = 1352.930 ; gain = 245.207
---------------------------------------------------------------------------------
Synthesis finished with 0 errors, 0 critical warnings and 0 warnings.
Synthesis Optimization Runtime : Time (s): cpu = 00:00:09 ; elapsed = 00:00:12 . Memory (MB): peak = 1352.930 ; gain = 206.184
Synthesis Optimization Complete : Time (s): cpu = 00:00:14 ; elapsed = 00:00:14 . Memory (MB): peak = 1352.930 ; gain = 245.207
INFO: [Project 1-571] Translating synthesized netlist
Netlist sorting complete. Time (s): cpu = 00:00:00 ; elapsed = 00:00:00.016 . Memory (MB): peak = 1364.953 ; gain = 0.000
INFO: [Project 1-570] Preparing netlist for logic optimization
INFO: [Opt 31-138] Pushed 0 inverter(s) to 0 load pin(s).
Netlist sorting complete. Time (s): cpu = 00:00:00 ; elapsed = 00:00:00 . Memory (MB): peak = 1374.105 ; gain = 0.000
INFO: [Project 1-111] Unisim Transformation Summary:
No Unisim elements were transformed.

INFO: [Common 17-83] Releasing license: Synthesis
67 Infos, 176 Warnings, 0 Critical Warnings and 0 Errors encountered.
synth_design completed successfully
synth_design: Time (s): cpu = 00:00:16 ; elapsed = 00:00:19 . Memory (MB): peak = 1374.105 ; gain = 266.383
INFO: [Common 17-1381] The checkpoint 'C:/Xilinx/PYNQ/boards/Pynq-Z1/base/InfoProc-Lab-3/myproj/project_1.runs/synth_1/base_wrapper.dcp' has been generated.
INFO: [runtcl-4] Executing : report_utilization -file base_wrapper_utilization_synth.rpt -pb base_wrapper_utilization_synth.pb
INFO: [Common 17-206] Exiting Vivado at Thu Feb  5 19:54:19 2026...
